ticks,volume,cost,status,open,low,high,close,date_time
1.6365E+12,16622.40249,1100709010,ok,67000,62755,69140,64911.5,2021/11/10 0:00
1.63659E+12,6827.679008,443264080,ok,64908,64152.5,65650,64825.5,2021/11/11 0:00
1.63668E+12,12414.23774,792799480,ok,64824,62290,65522,64145,2021/11/12 0:00
1.63676E+12,3638.391781,233240320,ok,64144.5,63399,65003,64417.5,2021/11/13 0:00
1.63685E+12,5373.048368,346537620,ok,64409.5,63585,65561.5,65548,2021/11/14 0:00
1.63693E+12,9356.795979,606849720,ok,65552,63410,66417.5,63585,2021/11/15 0:00
1.63702E+12,22235.00684,1352397070,ok,63582.5,58596,63592.5,60090,2021/11/16 0:00
1.63711E+12,9665.492193,577950930,ok,60090,58380,60828,60371,2021/11/17 0:00
1.63719E+12,17750.63736,1037510880,ok,60355.5,56487.5,60998.5,56889.5,2021/11/18 0:00
1.63728E+12,11415.17254,650810350,ok,56905,55617.5,58361.5,58065,2021/11/19 0:00
1.63737E+12,4839.971755,284114560,ok,58073.5,57410,59878.5,59699.5,2021/11/20 0:00
1.63745E+12,3849.032138,227924540,ok,59744.5,58540.5,60074,58650,2021/11/21 0:00
1.63754E+12,17859.86858,1024974980,ok,58650,55603.5,59549,56273.5,2021/11/22 0:00
1.63763E+12,13611.24287,773422910,ok,56265,55311,57895,57548,2021/11/23 0:00
1.63771E+12,11113.8698,630030350,ok,57567,55666.5,57771,57180,2021/11/24 0:00
1.6378E+12,8682.016378,506031810,ok,57180,57043,59460,58976,2021/11/25 0:00
1.63788E+12,20428.57427,1132314810,ok,59003,53515,59217,53784,2021/11/26 0:00
1.63797E+12,5835.775949,318856700,ok,53777,53644.5,55315,54774.5,2021/11/27 0:00
1.63806E+12,9121.709755,502628160,ok,54758,53287,57498.5,57336,2021/11/28 0:00
1.63814E+12,9205.335196,531078940,ok,57357,56764,58900,57836.5,2021/11/29 0:00
1.63823E+12,15467.29573,889451540,ok,57836.5,55950,59330,56995.5,2021/11/30 0:00
1.63832E+12,9950.978848,572114870,ok,56995.5,56500,59109,57206,2021/12/1 0:00
1.6384E+12,10105.33993,572685180,ok,57206.5,55830,57400,56541.5,2021/12/2 0:00
1.63849E+12,18066.5628,993067650,ok,56541.5,51403,57689.5,53637.5,2021/12/3 0:00
1.63858E+12,34300.7684,1641406410,ok,53629,39997,53873.5,49216.5,2021/12/4 0:00
1.63866E+12,13393.4991,657067230,ok,49214,47817.5,49777.5,49453.5,2021/12/5 0:00
1.63875E+12,18093.12547,882585640,ok,49455.5,47150,50969,50540,2021/12/6 0:00
1.63884E+12,13161.21229,672696580,ok,50526,50095,52006.5,50640.5,2021/12/7 0:00
1.63892E+12,10677.98801,535368700,ok,50650,48690,51270,50525,2021/12/8 0:00
1.63901E+12,12324.64216,600589050,ok,50542,47348,50837,47600.5,2021/12/9 0:00
1.63909E+12,17726.26319,855136080,ok,47587.5,46916,50168,47182,2021/12/10 0:00
1.63918E+12,7870.298837,380908260,ok,47176,46800,49557,49438.5,2021/12/11 0:00
1.63927E+12,7039.394883,350205160,ok,49443,48669.5,50800,50141.5,2021/12/12 0:00
1.63935E+12,15749.75871,748673720,ok,50127.5,45737,50253.5,46734.5,2021/12/13 0:00
1.63944E+12,10662.48774,504384250,ok,46739.5,46304,48698,48380.5,2021/12/14 0:00
1.63953E+12,16046.07192,772642060,ok,48377,46590.5,49559,48912.5,2021/12/15 0:00
1.63961E+12,8301.703951,402919950,ok,48922,47535.5,49464,47655.5,2021/12/16 0:00
1.6397E+12,14709.77598,686353990,ok,47658,45450,48032.5,46137.5,2021/12/17 0:00
1.63979E+12,6819.165302,317285970,ok,46132.5,45504,47361,46856.5,2021/12/18 0:00
1.63987E+12,6247.271749,295866760,ok,46841.5,46439.5,48320,46696,2021/12/19 0:00
1.63996E+12,8388.57655,389454620,ok,46690,45590.5,47576.5,46915,2021/12/20 0:00
1.64004E+12,9453.121619,458283560,ok,46933.5,46666,49372,48929,2021/12/21 0:00
1.64013E+12,5159.308896,252849510,ok,48923,48474.5,49642,48623,2021/12/22 0:00
1.64022E+12,7943.908073,393468510,ok,48623.5,48067.5,51385,50853.5,2021/12/23 0:00
1.6403E+12,7483.246448,382703910,ok,50854,50446.5,51961.5,50860,2021/12/24 0:00
1.64039E+12,4897.224722,248754870,ok,50865,50151.5,51227,50439.5,2021/12/25 0:00
1.64048E+12,6189.583056,310921780,ok,50440,49409,51347,50820,2021/12/26 0:00
1.64056E+12,7537.807774,385800010,ok,50828,50470,52194,50746.5,2021/12/27 0:00
1.64065E+12,15709.50971,769532200,ok,50743,47322,50743.5,47577,2021/12/28 0:00
1.64074E+12,11890.01965,563207860,ok,47577,46091.5,48175.5,46481.5,2021/12/29 0:00
1.64082E+12,9553.92464,450215450,ok,46481.5,45892.5,47938.5,47153.5,2021/12/30 0:00
1.64091E+12,15953.59983,753647410,ok,47153,45620,48620,46234,2021/12/31 0:00
1.641E+12,4567.331655,215711740,ok,46244,46232,47974,47771.5,2022/1/1 0:00
1.64108E+12,4346.601722,205703870,ok,47770.5,46664,48044.5,47325,2022/1/2 0:00
1.64117E+12,7799.061557,363651490,ok,47319.5,45689,47614.5,46474.5,2022/1/3 0:00
1.64125E+12,9571.216997,445002100,ok,46484,45550,47574,45850.5,2022/1/4 0:00
1.64134E+12,20398.39728,918174900,ok,45850.5,42422,47099.5,43464.5,2022/1/5 0:00
1.64143E+12,13292.76574,571756690,ok,43473.5,42327,43798.5,43113,2022/1/6 0:00
1.64151E+12,21225.19781,888432070,ok,43109,40598.5,43171.5,41557.5,2022/1/7 0:00
1.6416E+12,9069.659645,376527360,ok,41567.5,40547.5,42325,41707,2022/1/8 0:00
1.64169E+12,6396.792504,268545910,ok,41710,41225.5,42800,41888,2022/1/9 0:00
1.64177E+12,20082.14882,825795490,ok,41882.5,39650,42274,41832,2022/1/10 0:00
1.64186E+12,13117.88339,554129160,ok,41835,41284,43123,42725,2022/1/11 0:00
1.64195E+12,9744.417801,423203030,ok,42727,42454.5,44400,43900,2022/1/12 0:00
1.64203E+12,9355.600366,405534830,ok,43908,42312.5,44439.5,42575,2022/1/13 0:00
1.64212E+12,10962.4942,467253970,ok,42573.5,41739,43469.5,43075,2022/1/14 0:00
1.6422E+12,3883.472858,167528590,ok,43072.5,42572,43820,43079,2022/1/15 0:00
1.64229E+12,4173.027791,179731020,ok,43079,42623,43499.5,43079.5,2022/1/16 0:00
1.64238E+12,7815.910187,330927930,ok,43079,41554,43187,42206,2022/1/17 0:00
1.64246E+12,8276.085048,346531680,ok,42201.5,41286.5,42717.5,42366.5,2022/1/18 0:00
1.64255E+12,10840.30167,454175190,ok,42358.5,41139.5,42589,41677,2022/1/19 0:00
1.64264E+12,10971.18553,463135330,ok,41675,40553.5,43529.5,40651,2022/1/20 0:00
1.64272E+12,27914.18595,1067507930,ok,40663,35421.5,41102.5,36457,2022/1/21 0:00
1.64281E+12,23963.82513,846950880,ok,36442,34000,36816,35069.5,2022/1/22 0:00
1.6429E+12,14889.2486,530087240,ok,35064,34618.5,36565,36267.5,2022/1/23 0:00
1.64298E+12,32466.8875,1128415460,ok,36252,32925,37571,36697.5,2022/1/24 0:00
1.64307E+12,13489.23715,493536310,ok,36695,35718,37600,36961.5,2022/1/25 0:00
1.64316E+12,21241.80552,800951260,ok,36967.5,36276,38918,36840,2022/1/26 0:00
1.64324E+12,15010.34297,545310650,ok,36840,35514,37238.5,37200,2022/1/27 0:00
1.64333E+12,14381.11312,532870310,ok,37184,36170.5,38023,37708.5,2022/1/28 0:00
1.64341E+12,8745.144868,331791360,ok,37703,37299,38748,38166,2022/1/29 0:00
1.6435E+12,5368.948979,203707300,ok,38184,37352,38391.5,37907,2022/1/30 0:00
1.64359E+12,9629.511784,363771580,ok,37906.5,36641,38778,38499,2022/1/31 0:00
1.64367E+12,10530.4376,406962390,ok,38489,38014.5,39300,38728,2022/2/1 0:00
1.64376E+12,11499.64918,434064550,ok,38725,36588,38883.5,36929.5,2022/2/2 0:00
1.64385E+12,10001.82416,367736900,ok,36927,36264.5,37414.5,37347.5,2022/2/3 0:00
1.64393E+12,21101.57085,824871280,ok,37345.5,37045,41768.5,41585.5,2022/2/4 0:00
1.64402E+12,9707.292703,402882260,ok,41585.5,40966,41930,41391,2022/2/5 0:00
1.64411E+12,8573.555297,358211930,ok,41402,41149.5,42700.5,42404.5,2022/2/6 0:00
1.64419E+12,16394.30417,708254720,ok,42407.5,41677.5,44540,43840.5,2022/2/7 0:00
1.64428E+12,19687.10626,865824890,ok,43851,42713,45523.5,44061,2022/2/8 0:00
1.64436E+12,11332.37886,498006200,ok,44061,43155.5,44847.5,44402,2022/2/9 0:00
1.64445E+12,21624.55472,962070760,ok,44402.5,43220,45854.5,43511,2022/2/10 0:00
1.64454E+12,18536.16599,799317700,ok,43507.5,41960,43957.5,42397.5,2022/2/11 0:00
1.64462E+12,7543.588097,319051790,ok,42390,41730,43117,42209,2022/2/12 0:00
1.64471E+12,4688.50931,198574610,ok,42234.5,41881,42779,42071,2022/2/13 0:00
1.6448E+12,9041.42239,382292160,ok,42067.5,41559,42849,42546.5,2022/2/14 0:00
1.64488E+12,11679.0331,513969740,ok,42556,42431,44794.5,44564.5,2022/2/15 0:00
1.64497E+12,9348.113071,411235090,ok,44567,43316,44575,43901.5,2022/2/16 0:00
1.64506E+12,15316.34617,648146250,ok,43909.5,40083,44180,40554,2022/2/17 0:00
1.64514E+12,11817.81292,475774260,ok,40543.5,39420,40986.5,40010,2022/2/18 0:00
1.64523E+12,4876.460284,195359940,ok,40002,39662,40460.5,40102,2022/2/19 0:00
1.64532E+12,10622.95084,412062660,ok,40099,37997,40132,38396.5,2022/2/20 0:00
1.6454E+12,21243.06909,811518410,ok,38394,36824,39540,37031.5,2022/2/21 0:00
1.64549E+12,16652.6955,624185430,ok,37028,36317,38484.5,38268,2022/2/22 0:00
1.64557E+12,11992.71613,459112080,ok,38258.5,37069.5,39268,37270.5,2022/2/23 0:00
1.64566E+12,37564.06308,1358804400,ok,37278.5,34321.5,39900,38346.5,2022/2/24 0:00
1.64575E+12,14515.9571,564501360,ok,38354.5,38038,39711,39238,2022/2/25 0:00
1.64583E+12,7832.194348,307984720,ok,39238,38592.5,40334.5,39133.5,2022/2/26 0:00
1.64592E+12,11663.0059,447936300,ok,39133.5,36985.5,39875,37712.5,2022/2/27 0:00
1.64601E+12,21388.04269,867031310,ok,37713,37462.5,44230,43164.5,2022/2/28 0:00
1.64609E+12,14251.65241,624157910,ok,43180.5,42830,44966,44446,2022/3/1 0:00
1.64618E+12,14587.58288,644804540,ok,44446,43355,45341.5,43930,2022/3/2 0:00
1.64627E+12,11969.81826,513934960,ok,43916,41824,44106.5,42479,2022/3/3 0:00
1.64635E+12,17686.35969,721765670,ok,42466.5,38571,42537.5,39136,2022/3/4 0:00
1.64644E+12,5118.740279,200203120,ok,39143.5,38592.5,39605,39392,2022/3/5 0:00
1.64652E+12,7992.677335,310729050,ok,39385.5,38102,39721,38416.5,2022/3/6 0:00
1.64661E+12,15926.34817,608495980,ok,38415.5,37160.5,39552.5,38008.5,2022/3/7 0:00
1.6467E+12,14953.15831,578184190,ok,37989.5,37865.5,39374.5,38742.5,2022/3/8 0:00
1.64678E+12,16129.89555,669161780,ok,38740,38660.5,42596.5,41960,2022/3/9 0:00
1.64687E+12,19714.16355,780519310,ok,41967,38543,42048.5,39425.5,2022/3/10 0:00
1.64696E+12,12976.22603,506556840,ok,39425.5,38243,40261,38735.5,2022/3/11 0:00
1.64704E+12,3293.839029,128720000,ok,38727.5,38661,39475,38798.5,2022/3/12 0:00
1.64713E+12,6271.800989,241896350,ok,38805,37580,39319.5,37777,2022/3/13 0:00
1.64722E+12,10275.31633,399398120,ok,37782,37521.5,39941,39700.5,2022/3/14 0:00
1.6473E+12,9173.865866,358365230,ok,39692.5,38102,39920.5,39296,2022/3/15 0:00
1.64739E+12,24206.217,975585980,ok,39293,38807,41748.5,41139.5,2022/3/16 0:00
1.64748E+12,6220.742799,254486800,ok,41140,40524,41495,40931.5,2022/3/17 0:00
1.64756E+12,9081.425689,372684810,ok,40929.5,40151,42369.5,41800,2022/3/18 0:00
1.64765E+12,4829.314044,202369930,ok,41799.5,41515,42430.5,42250,2022/3/19 0:00
1.64773E+12,5304.405606,220526010,ok,42230,40950.5,42318,41270,2022/3/20 0:00
1.64782E+12,8585.893571,352487220,ok,41290,40481,41578.5,41011.5,2022/3/21 0:00
1.64791E+12,12642.07601,537155270,ok,41000,40890,43420,42382.5,2022/3/22 0:00
1.64799E+12,9007.451033,380668830,ok,42382.5,41751,43050,42924.5,2022/3/23 0:00
1.64808E+12,12003.72112,521477420,ok,42920.5,42618,44270,44014,2022/3/24 0:00
1.64817E+12,10704.44474,474868570,ok,44020.5,43608,45141,44339.5,2022/3/25 0:00
1.64825E+12,4218.475495,187429330,ok,44340,44100,44824.5,44549.5,2022/3/26 0:00
1.64834E+12,7827.228004,357026480,ok,44549,44445.5,46981,46862,2022/3/27 0:00
1.64843E+12,9678.687965,458778880,ok,46852,46668.5,48223.5,47150.5,2022/3/28 0:00
1.64851E+12,8429.559147,401030320,ok,47160,47010,48129.5,47469,2022/3/29 0:00
1.6486E+12,8102.032637,382472360,ok,47468.5,46550,47727.5,47078.5,2022/3/30 0:00
1.64868E+12,9395.779145,436019470,ok,47081,45211.5,47588.5,45535.5,2022/3/31 0:00
1.64877E+12,14627.31861,663852770,ok,45535.5,44224,46756,46296,2022/4/1 0:00
1.64886E+12,8965.519377,416681490,ok,46296,45640,47211,45823,2022/4/2 0:00
1.64894E+12,6584.933191,306206220,ok,45824.5,45560,47500,46414.5,2022/4/3 0:00
1.64903E+12,8732.920848,401540100,ok,46420,45129,46909.5,46615,2022/4/4 0:00
1.64912E+12,9167.249255,424315890,ok,46610.5,45373,47230,45518,2022/4/5 0:00
1.6492E+12,15541.13401,689686870,ok,45522,43133.5,45522,43178,2022/4/6 0:00
1.64929E+12,7972.240604,346010140,ok,43179.5,42753,43914.5,43440,2022/4/7 0:00
1.64938E+12,10239.54585,442668260,ok,43436,42120,43981,42286,2022/4/8 0:00
1.64946E+12,3118.025601,132414860,ok,42264.5,42123.5,42826,42770,2022/4/9 0:00
1.64955E+12,5251.867277,224002940,ok,42773,41875,43516.5,42163.5,2022/4/10 0:00
1.64964E+12,15205.10126,621416330,ok,42163,39201,42422.5,39510,2022/4/11 0:00
1.64972E+12,11024.48767,441523700,ok,39509.5,39250.5,40696.5,40076,2022/4/12 0:00
1.64981E+12,12058.69823,489984880,ok,40087,39580,41559.5,41130.5,2022/4/13 0:00
1.64989E+12,7002.996539,283700630,ok,41145,39556,41500,39938.5,2022/4/14 0:00
1.64998E+12,7010.027883,282066730,ok,39947.5,39770,40857.5,40558,2022/4/15 0:00
1.65007E+12,2732.470976,110322950,ok,40558,39999,40710,40375.5,2022/4/16 0:00
1.65015E+12,4580.882938,183948420,ok,40377.5,39509.5,40611.5,39651.5,2022/4/17 0:00
1.65024E+12,13733.38737,545513280,ok,39652,38510,41132,40800.5,2022/4/18 0:00
1.65033E+12,5782.537038,238023090,ok,40806,40575,41786,41493,2022/4/19 0:00
1.65041E+12,7418.646594,307746940,ok,41496,40843.5,42205.5,41367.5,2022/4/20 0:00
1.6505E+12,10233.19865,425549230,ok,41368,39720,42990,40480.5,2022/4/21 0:00
1.65059E+12,8669.45799,347522880,ok,40483,39173.5,40829,39718,2022/4/22 0:00
1.65067E+12,2991.018954,118659290,ok,39714.5,39279,39980,39441,2022/4/23 0:00
1.65076E+12,4582.591858,181271750,ok,39444.5,38890,39964,39471,2022/4/24 0:00
1.65084E+12,15841.95254,621664690,ok,39450,38180,40644,40447.5,2022/4/25 0:00
1.65093E+12,12385.4988,485459900,ok,40446.5,37700,40827.5,38128,2022/4/26 0:00
1.65102E+12,9846.841877,383181310,ok,38122,37893,39501,39246.5,2022/4/27 0:00
1.6511E+12,11841.19042,469936200,ok,39249,38892.5,40398.5,39768.5,2022/4/28 0:00
1.65119E+12,10585.40664,413128860,ok,39759.5,38160.5,39929,38613.5,2022/4/29 0:00
1.65128E+12,4012.788664,153901490,ok,38604,37577,38799.5,37636.5,2022/4/30 0:00
1.65136E+12,6918.121541,263764430,ok,37634.5,37388,38706,38477,2022/5/1 0:00
1.65145E+12,9972.764644,385893940,ok,38477,38051.5,39200,38531,2022/5/2 0:00
1.65154E+12,7300.587551,278400060,ok,38540.5,37527,38672.5,37731.5,2022/5/3 0:00
1.65162E+12,11095.65965,433832330,ok,37733.5,37674,40050.5,39697.5,2022/5/4 0:00
1.65171E+12,24210.66407,900405590,ok,39705.5,35556,39842.5,36539.5,2022/5/5 0:00
1.6518E+12,16015.28004,576699360,ok,36545,35240,36690,36006,2022/5/6 0:00
1.65188E+12,4654.628558,165809180,ok,36005.5,34724.5,36118,35463.5,2022/5/7 0:00
1.65197E+12,15154.04912,521630400,ok,35463,33664.5,35484,34028,2022/5/8 0:00
1.65205E+12,40590.95714,1297069470,ok,34035,30029,34240,30070,2022/5/9 0:00
1.65214E+12,30924.55496,966054530,ok,30066,29750,32660.5,31026.5,2022/5/10 0:00
1.65223E+12,56019.69261,1694089950,ok,31014.5,27674.5,32183,28989,2022/5/11 0:00
1.65231E+12,54795.53416,1525391210,ok,28981.5,25300,30117,28937.5,2022/5/12 0:00
1.6524E+12,20223.93953,609731180,ok,28939,28671.5,30993,29248,2022/5/13 0:00
1.65249E+12,6897.086054,202297270,ok,29229.5,28555.5,30288,30033,2022/5/14 0:00
1.65257E+12,6737.534508,204319610,ok,30035.5,29421,31415,31278,2022/5/15 0:00
1.65266E+12,13219.49048,394490570,ok,31272,29049,31281,29841.5,2022/5/16 0:00
1.65275E+12,10558.26245,318680220,ok,29845,29367.5,30766,30429.5,2022/5/17 0:00
1.65283E+12,10920.4773,320944750,ok,30424.5,28608,30688,28665,2022/5/18 0:00
1.65292E+12,15170.02692,449981430,ok,28666,28652.5,30527.5,30302.5,2022/5/19 0:00
1.653E+12,14490.22888,430396520,ok,30302,28700.5,30779.5,29197.5,2022/5/20 0:00
1.65309E+12,4336.577955,127252070,ok,29191,28930.5,29632,29431,2022/5/21 0:00
1.65318E+12,6426.389711,192265450,ok,29425,29230,30495.5,30282,2022/5/22 0:00
1.65326E+12,11449.6571,342603820,ok,30282,28840.5,30665.5,29085.5,2022/5/23 0:00
1.65335E+12,11171.3853,326958290,ok,29093.5,28638,29840,29642,2022/5/24 0:00
1.65344E+12,10533.81749,313334530,ok,29641,29317.5,30220,29520.5,2022/5/25 0:00
1.65352E+12,19546.94152,569419030,ok,29519,27956,29869.5,29178.5,2022/5/26 0:00
1.65361E+12,17209.51368,496949100,ok,29170,28250,29366.5,28581.5,2022/5/27 0:00
1.6537E+12,3642.60079,105133690,ok,28598.5,28500,29247,29014,2022/5/28 0:00
1.65378E+12,4469.410391,130495770,ok,29014,28815,29600,29455.5,2022/5/29 0:00
1.65387E+12,15624.02758,481736150,ok,29455.5,29288.5,32197,31724.5,2022/5/30 0:00
1.65396E+12,12464.10576,395364760,ok,31729,31218.5,32400,31780,2022/5/31 0:00
1.65404E+12,1961.984539,62099670,ok,31790,31351.5,31979,31445,2022/6/1 0:00
1.65407E+12,18022.16021,548342200,ok,31444.5,29265.5,31903.5,29946.5,2022/6/1 8:00
1.65416E+12,9093.862944,274652160,ok,29946.5,29583.5,30729,30460,2022/6/2 8:00
1.65424E+12,8912.016491,264874420,ok,30460,29266.5,30524.5,29671,2022/6/3 8:00
1.65433E+12,3653.258242,108607760,ok,29667.5,29459.5,29964.5,29622,2022/6/4 8:00
1.65442E+12,8697.657409,265128620,ok,29622,29510.5,31422.5,31290.5,2022/6/5 8:00
1.6545E+12,15850.89479,482999240,ok,31290,28818,31740,29570,2022/6/6 8:00
1.65459E+12,19324.06817,590333510,ok,29570,29320,31555,30548,2022/6/7 8:00
1.65468E+12,7410.068559,224937810,ok,30555.5,29903.5,30871.5,30469,2022/6/8 8:00
1.65476E+12,11716.46777,353018820,ok,30469,29500,30692,30054,2022/6/9 8:00
1.65485E+12,15792.79126,463737410,ok,30054,28827.5,30170.5,29298.5,2022/6/10 8:00
1.65493E+12,14906.6829,421727780,ok,29298.5,27156,29311,27606,2022/6/11 8:00
1.65502E+12,31997.06903,839483940,ok,27605.5,24530.5,28305.5,24776,2022/6/12 8:00
1.65511E+12,81365.48566,1855749330,ok,24773,20768,24909.5,22844.5,2022/6/13 8:00
1.65519E+12,44626.38165,981608070,ok,22845,20570,22955.5,20656,2022/6/14 8:00
1.65528E+12,49511.22945,1046967990,ok,20661,20020,22955.5,21741,2022/6/15 8:00
1.65537E+12,29038.18615,606933770,ok,21741,20183.5,21850,21063.5,2022/6/16 8:00
1.65545E+12,25945.30142,527205280,ok,21064,19004.5,21348,19213.5,2022/6/17 8:00
1.65554E+12,37131.51819,692027480,ok,19222.5,17571.5,19506.5,18277.5,2022/6/18 8:00
1.65563E+12,23342.64117,462397370,ok,18274.5,18237.5,20799.5,20057,2022/6/19 8:00
1.65571E+12,13997.45945,287929680,ok,20062,19812.5,21296.5,21098,2022/6/20 8:00
1.6558E+12,15838.05074,331149480,ok,21097.5,19941.5,21724,20074,2022/6/21 8:00
1.65588E+12,16930.79737,343519170,ok,20076,19747,20870.5,20429,2022/6/22 8:00
1.65597E+12,20142.41837,417198110,ok,20431.5,20152.5,21346.5,20923,2022/6/23 8:00
1.65606E+12,13336.22272,281775960,ok,20924,20738.5,21625,21500,2022/6/24 8:00
1.65614E+12,5226.234702,111093050,ok,21505.5,20891,21588,21392.5,2022/6/25 8:00
1.65623E+12,7002.785347,149180210,ok,21392.5,20920.5,21887.5,21353.5,2022/6/26 8:00
1.65632E+12,10148.91115,211817330,ok,21357,20510,21536,20857,2022/6/27 8:00
1.6564E+12,11961.37987,244746670,ok,20858,19867.5,21194.5,20061,2022/6/28 8:00
1.65649E+12,12572.20522,250667130,ok,20061,19280,20415.5,19422,2022/6/29 8:00
1.65658E+12,30347.99312,590469770,ok,19417,18547.5,20900,19548.5,2022/6/30 8:00
1.65666E+12,13746.98535,266002450,ok,19550.5,18939,19795,19096.5,2022/7/1 8:00
1.65675E+12,5057.457478,96977050,ok,19097.5,18756,19434.5,19118.5,2022/7/2 8:00
1.65684E+12,7436.436934,142371530,ok,19118,18920,19636.5,19105,2022/7/3 8:00
1.65692E+12,14900.68615,296703840,ok,19105.5,19093.5,20457,20194.5,2022/7/4 8:00
1.65701E+12,17636.82777,351743100,ok,20194,19282.5,20733,20151.5,2022/7/5 8:00
1.65709E+12,9429.460037,191243160,ok,20151.5,19944,20664,20436.5,2022/7/6 8:00
1.65718E+12,16621.66684,354800850,ok,20436.5,20363.5,22500,21796.5,2022/7/7 8:00
1.65727E+12,11261.1545,243849400,ok,21796.5,21179,22116,21643,2022/7/8 8:00
1.65735E+12,5587.809612,120345930,ok,21643,21110.5,21975,21327.5,2022/7/9 8:00
1.65744E+12,7776.001382,161626780,ok,21328,20353,21414,20435,2022/7/10 8:00
1.65753E+12,11357.53447,228931530,ok,20434,19610,20765.5,19714.5,2022/7/11 8:00
1.65761E+12,12233.84455,239624300,ok,19712.5,19222,19989.5,19695,2022/7/12 8:00
1.6577E+12,20722.76595,407592180,ok,19695,18886.5,20420,19976.5,2022/7/13 8:00
1.65779E+12,15794.72129,319942380,ok,19982,19584.5,20927,20818,2022/7/14 8:00
1.65787E+12,11287.60598,235307950,ok,20817.5,20477,21191,20540,2022/7/15 8:00
1.65796E+12,8961.397045,190051500,ok,20539.5,20539.5,21683.5,21472.5,2022/7/16 8:00
1.65804E+12,11190.68858,239353850,ok,21472.5,20753,22411,22257,2022/7/17 8:00
1.65813E+12,21136.65736,467746760,ok,22256.5,21392.5,22969.5,21777,2022/7/18 8:00
1.65822E+12,19747.46595,455099320,ok,21777,21707.5,23871,23405,2022/7/19 8:00
1.6583E+12,20552.59701,483063980,ok,23401,22638.5,24290,22938.5,2022/7/20 8:00
1.65839E+12,16096.76505,369345940,ok,22935,22340,23354,23141.5,2022/7/21 8:00
1.65848E+12,14811.92454,342522030,ok,23142,22504.5,23776,22768.5,2022/7/22 8:00
1.65856E+12,11013.56875,246793050,ok,22769,21950.5,22881,22699.5,2022/7/23 8:00
1.65865E+12,10905.56382,244866460,ok,22701,21753,23027.5,21964,2022/7/24 8:00
1.65874E+12,14760.89913,319491820,ok,21967.5,20847,22260,21060,2022/7/25 8:00
1.65882E+12,12104.31626,254788590,ok,21059.5,20711,21457,21350,2022/7/26 8:00
1.65891E+12,20203.65086,452015950,ok,21350.5,21137.5,23466,22949.5,2022/7/27 8:00
1.659E+12,19365.04756,458364110,ok,22949.5,22601,24476.5,23976.5,2022/7/28 8:00
1.65908E+12,18459.50023,440706820,ok,23977,23446,24257.5,23905.5,2022/7/29 8:00
1.65917E+12,9452.285061,227744500,ok,23906,23524.5,24694.5,23723,2022/7/30 8:00
1.65925E+12,8216.227574,193703100,ok,23723.5,23127,24212,23343.5,2022/7/31 8:00
1.65934E+12,11619.43087,268520080,ok,23343.5,22723.5,23525.5,22900,2022/8/1 8:00
1.65943E+12,10724.83304,246448140,ok,22898,22660,23477.5,22990,2022/8/2 8:00
1.65951E+12,10086.00116,233968880,ok,22999.5,22740,23669.5,22952,2022/8/3 8:00
1.6596E+12,9606.530357,219681630,ok,22951.5,22396.5,23438,23191.5,2022/8/4 8:00
1.65969E+12,12710.20788,294178760,ok,23191.5,22768,23486,23210.5,2022/8/5 8:00
1.65977E+12,4725.214191,109169200,ok,23210.5,22863,23263.5,23028,2022/8/6 8:00
1.65986E+12,6337.084966,147671880,ok,23028.5,22899,23861.5,23831.5,2022/8/7 8:00
1.65995E+12,8704.30779,208973240,ok,23827,23640.5,24255.5,23888.5,2022/8/8 8:00
1.66003E+12,10914.0972,252554690,ok,23888.5,22676,23896,22974.5,2022/8/9 8:00
1.66012E+12,14528.78205,347276650,ok,22974.5,22974.5,24759,24458.5,2022/8/10 8:00
1.6602E+12,13163.15159,320509150,ok,24465.5,23800,24925,23998,2022/8/11 8:00
1.66029E+12,10223.49835,247310110,ok,23998.5,23609,24908,24601,2022/8/12 8:00
1.66038E+12,5479.16081,134934160,ok,24600.5,24315,25056.5,24909,2022/8/13 8:00
1.66046E+12,10322.90788,253329580,ok,24907,23957.5,25230.5,24045.5,2022/8/14 8:00
1.66055E+12,8847.341886,213014080,ok,24045.5,23772,24324,24084.5,2022/8/15 8:00
1.66064E+12,10750.41198,258159090,ok,24084.5,23671.5,24449.5,23790,2022/8/16 8:00
1.66072E+12,9808.89703,230407820,ok,23787.5,23176,23928,23415,2022/8/17 8:00
1.66081E+12,17819.82647,401821360,ok,23415,21345,23592,21894.5,2022/8/18 8:00
1.6609E+12,18737.56853,401167070,ok,21895.5,20783,21900,21299.5,2022/8/19 8:00
1.66098E+12,7035.624315,148858460,ok,21300,20759.5,21365.5,21260,2022/8/20 8:00
1.66107E+12,7434.462819,159416490,ok,21259.5,21061.5,21792,21102,2022/8/21 8:00
1.66116E+12,11511.79256,243718220,ok,21100,20888,21545,21309.5,2022/8/22 8:00
1.66124E+12,9579.918675,205377720,ok,21309.5,21149.5,21685.5,21318.5,2022/8/23 8:00
1.66133E+12,9107.683556,196485160,ok,21320.5,21259.5,21900,21752,2022/8/24 8:00
1.66141E+12,10239.70521,220728480,ok,21752,21327.5,21818,21449.5,2022/8/25 8:00
1.6615E+12,26030.68856,545410580,ok,21449,19927,21906,20268.5,2022/8/26 8:00
1.66159E+12,7894.087354,158114140,ok,20266.5,19796,20294.5,20047,2022/8/27 8:00
1.66167E+12,9843.431519,195549460,ok,20047,19498,20162,19900.5,2022/8/28 8:00
1.66176E+12,12456.82631,251504000,ok,19900.5,19760.5,20582.5,20435.5,2022/8/29 8:00
1.66185E+12,14260.20936,285944030,ok,20436,19537,20503.5,20257.5,2022/8/30 8:00
1.66193E+12,12129.41244,244280960,ok,20258,19790.5,20428,19887,2022/8/31 8:00
1.66202E+12,12486.69716,248805260,ok,19887,19553.5,20300,20120,2022/9/1 8:00
1.66211E+12,11835.12407,237729230,ok,20120,19750.5,20443.5,19817,2022/9/2 8:00
1.66219E+12,4466.238128,88278670,ok,19817,19613,19899.5,19628,2022/9/3 8:00
1.66228E+12,7431.720411,147334800,ok,19627.5,19584.5,20060,19754.5,2022/9/4 8:00
1.66236E+12,11044.77847,218894660,ok,19754.5,19631.5,20187,19911.5,2022/9/5 8:00
1.66245E+12,21759.06736,418562420,ok,19911.5,18492.5,20031,18795,2022/9/6 8:00
1.66254E+12,9385.664992,179191090,ok,18794.5,18672.5,19470,19178.5,2022/9/7 8:00
1.66262E+12,22043.80721,434504830,ok,19178,19013,20777,20643.5,2022/9/8 8:00
1.66271E+12,14179.80325,300214230,ok,20643.5,20635,21681,21290.5,2022/9/9 8:00
1.6628E+12,8001.440812,172131700,ok,21290.5,21135.5,21821,21622,2022/9/10 8:00
1.66288E+12,11238.57564,245138930,ok,21621.5,21453.5,22399,22210,2022/9/11 8:00
1.66297E+12,14648.05926,326615890,ok,22203,21986,22687.5,22289,2022/9/12 8:00
1.66306E+12,23736.92972,504107900,ok,22290.5,19860,22821.5,20237,2022/9/13 8:00
1.66314E+12,12574.17712,253127340,ok,20235.5,19606,20407.5,20208,2022/9/14 8:00
1.66323E+12,11158.36684,221779930,ok,20206.5,19468.5,20224.5,19734.5,2022/9/15 8:00
1.66332E+12,10128.12206,199418660,ok,19734.5,19308.5,20048,19830.5,2022/9/16 8:00
1.6634E+12,4287.796386,85749290,ok,19830.5,19743.5,20175.5,20053,2022/9/17 8:00
1.66349E+12,15012.89104,286675840,ok,20053,18238,20095.5,18464,2022/9/18 8:00
1.66357E+12,16439.81606,314941750,ok,18464.5,18364.5,19673,19361,2022/9/19 8:00
1.66366E+12,12602.71012,239589690,ok,19360.5,18719.5,19417.5,18950.5,2022/9/20 8:00
1.66375E+12,32731.28612,623044430,ok,18951,18129.5,19990,18922,2022/9/21 8:00
1.66383E+12,13006.9921,249187470,ok,18922,18769.5,19522.5,19209.5,2022/9/22 8:00
1.66392E+12,15499.83173,293446630,ok,19210,18520.5,19398,18999.5,2022/9/23 8:00
1.66401E+12,6646.097311,126395760,ok,18999.5,18801.5,19214.5,19094.5,2022/9/24 8:00
1.66409E+12,11624.87586,219273320,ok,19094.5,18612.5,19180,18901,2022/9/25 8:00
1.66418E+12,18801.21887,366105030,ok,18900.5,18797,20341,20184,2022/9/26 8:00
1.66427E+12,23477.8824,453424180,ok,20184.5,18455.5,20374.5,18777.5,2022/9/27 8:00
1.66435E+12,16382.27693,315241360,ok,18778,18564.5,19800,19360.5,2022/9/28 8:00
1.66444E+12,19037.19019,368416100,ok,19360,18839.5,19695,19563.5,2022/9/29 8:00
1.66452E+12,21546.72041,421544690,ok,19564,19136.5,20172.5,19316.5,2022/9/30 8:00
1.66461E+12,5357.068997,103342490,ok,19316.5,19139,19395.5,19273.5,2022/10/1 8:00
1.6647E+12,10269.71882,196684420,ok,19273.5,18901,19338.5,19199.5,2022/10/2 8:00
1.66478E+12,13066.03563,254611930,ok,19199.5,19114,19975,19969,2022/10/3 8:00
1.66487E+12,13764.10923,277109580,ok,19969,19812.5,20474,20236.5,2022/10/4 8:00
1.66496E+12,12899.60343,259945350,ok,20236,19734,20451.5,20227,2022/10/5 8:00
1.66504E+12,16389.39774,328753020,ok,20227,19800,20328.5,19939.5,2022/10/6 8:00
1.66513E+12,21244.04596,417054250,ok,19940,19312.5,20064,19500,2022/10/7 8:00
1.66522E+12,5742.226612,111528570,ok,19500,19221.5,19544.5,19404,2022/10/8 8:00
1.6653E+12,8404.966028,163439260,ok,19404,19358,19549.5,19413.5,2022/10/9 8:00
1.66539E+12,13994.71931,268821160,ok,19413.5,18947.5,19441,19079,2022/10/10 8:00
1.66548E+12,9311.022939,177615790,ok,19079,18845,19266.5,19102,2022/10/11 8:00
1.66556E+12,7989.747499,152535210,ok,19102,18937.5,19235.5,19001.5,2022/10/12 8:00
1.66565E+12,31283.55306,592940780,ok,19001.5,18140.5,19949,19643.5,2022/10/13 8:00
1.66573E+12,12112.13971,235530500,ok,19643.5,19072,19844.5,19179.5,2022/10/14 8:00
1.66582E+12,3528.85558,67448130,ok,19179,18967,19198.5,19130,2022/10/15 8:00
1.66591E+12,6646.967053,127819800,ok,19130.5,19092.5,19415.5,19298.5,2022/10/16 8:00
1.66599E+12,10393.95616,202923400,ok,19298,19241.5,19707.5,19678,2022/10/17 8:00
1.66608E+12,10745.85085,208108980,ok,19677.5,19089.5,19680,19222.5,2022/10/18 8:00
1.66617E+12,9734.323262,186263890,ok,19223,18893,19297.5,19135,2022/10/19 8:00
1.66625E+12,11695.66075,223601320,ok,19135,18928,19359.5,19032,2022/10/20 8:00
1.66634E+12,10226.03294,194477930,ok,19031.5,18650,19250,19169.5,2022/10/21 8:00
1.66643E+12,2650.134385,50859300,ok,19169.5,19133.5,19256,19159.5,2022/10/22 8:00
1.66651E+12,7554.35842,146530730,ok,19159.5,19078.5,19696,19329,2022/10/23 8:00
1.6666E+12,6611.013569,127752510,ok,19329,19138.5,19448.5,19308.5,2022/10/24 8:00
1.66668E+12,23165.41764,462216880,ok,19308,19239,20426.5,20365,2022/10/25 8:00
1.66677E+12,23618.88778,488836870,ok,20365,20306,21032.5,20717.5,2022/10/26 8:00
1.66686E+12,16232.45731,331967260,ok,20717.5,20076,20778.5,20092,2022/10/27 8:00
1.66694E+12,15201.76084,310867930,ok,20092,20000.5,20827.5,20779.5,2022/10/28 8:00
1.66703E+12,7843.077855,163614040,ok,20779,20675,21086.5,20868,2022/10/29 8:00
1.66712E+12,6676.976368,137754780,ok,20868,20442,20898,20561,2022/10/30 8:00
1.6672E+12,11239.95974,230673290,ok,20561,20239,20843,20599.5,2022/10/31 8:00
1.66729E+12,5208.154472,106675390,ok,20599,20336,20694,20429.5,2022/11/1 8:00
1.66738E+12,14841.78058,303167390,ok,20426.5,20059,20812,20300.5,2022/11/2 8:00
1.66746E+12,11616.4496,236022400,ok,20301,20037,20690.5,20629,2022/11/3 8:00
1.66755E+12,16891.2352,353699820,ok,20629,20400,21486.5,21398,2022/11/4 8:00
1.66764E+12,5963.009063,127095040,ok,21398.5,21157,21436,21210.5,2022/11/5 8:00
1.66772E+12,7289.684173,153342710,ok,21210.5,20631.5,21320,20649.5,2022/11/6 8:00
1.66781E+12,19181.35242,387292030,ok,20649.5,19361,20899,19822.5,2022/11/7 8:00
1.66789E+12,67513.15252,1273092900,ok,19822,16906.5,20719,18228.5,2022/11/8 8:00
1.66798E+12,101238.9487,1697341080,ok,18229,15413,18245.5,16680.5,2022/11/9 8:00
1.66807E+12,59574.87536,1022839750,ok,16681.5,16108,18130,17276.5,2022/11/10 8:00
1.66815E+12,29088.42539,492501850,ok,17276,16307.5,17486.5,16770,2022/11/11 8:00
1.66824E+12,7132.580461,119610530,ok,16768.5,16509.5,16943,16732,2022/11/12 8:00
1.66833E+12,16456.67364,268937220,ok,16732,15780.5,16850,16786,2022/11/13 8:00
1.66841E+12,27903.52586,464219020,ok,16787,16153,17162,16832,2022/11/14 8:00
1.6685E+12,14459.90125,243981620,ok,16832,16591.5,17100.5,16823.5,2022/11/15 8:00
1.66859E+12,15934.28506,263932830,ok,16822.5,16337,16842.5,16591,2022/11/16 8:00
1.66867E+12,14352.48988,239473420,ok,16591.5,16409,16997.5,16731.5,2022/11/17 8:00
1.66876E+12,7833.129836,130504410,ok,16731,16526.5,16833.5,16582.5,2022/11/18 8:00
1.66884E+12,2967.62695,49423020,ok,16582.5,16559,16794,16698,2022/11/19 8:00
1.66893E+12,9138.407993,148497130,ok,16698,15865,16715.5,16002.5,2022/11/20 8:00
1.66902E+12,13811.99658,219096850,ok,16004,15404,16251,15730,2022/11/21 8:00
1.6691E+12,11916.43388,192296640,ok,15730,15623.5,16628.5,16552,2022/11/22 8:00
1.66919E+12,10495.92475,173489440,ok,16553,16286,16799,16611,2022/11/23 8:00
1.66928E+12,7812.157572,128866550,ok,16611,16331.5,16661.5,16455.5,2022/11/24 8:00
1.66936E+12,6921.503086,114318070,ok,16456,16393.5,16685.5,16579.5,2022/11/25 8:00
1.66945E+12,4952.93004,81856870,ok,16580,16369,16662.5,16558.5,2022/11/26 8:00
1.66954E+12,6606.271471,107929960,ok,16559,16035,16582,16215,2022/11/27 8:00
1.66962E+12,9347.181217,152045000,ok,16212,15994.5,16532,16451,2022/11/28 8:00
1.66971E+12,12640.91767,210182030,ok,16451,16319.5,17096,16875.5,2022/11/29 8:00
1.6698E+12,10024.68709,170319110,ok,16876,16707.5,17257.5,17060.5,2022/11/30 8:00
1.66988E+12,9022.723181,153397880,ok,17062.5,16858,17317,16959.5,2022/12/1 8:00
1.66997E+12,9247.082942,156791720,ok,16959.5,16770,17146,16963.5,2022/12/2 8:00
1.67005E+12,4448.020337,75458720,ok,16963.5,16870.5,17084,16999,2022/12/3 8:00
1.67014E+12,7552.389016,129825820,ok,16998.5,16904,17424.5,17308,2022/12/4 8:00
1.67023E+12,7376.704019,126051790,ok,17308,16859.5,17385,17009,2022/12/5 8:00
1.67031E+12,7963.594341,135069530,ok,17009,16715.5,17128.5,16750,2022/12/6 8:00
1.6704E+12,6716.094036,112876540,ok,16749.5,16676,16889,16821,2022/12/7 8:00
1.67049E+12,9157.303213,156652270,ok,16821,16728.5,17302,17203.5,2022/12/8 8:00
1.67057E+12,5988.759255,102794750,ok,17203.5,17060,17340,17153,2022/12/9 8:00
1.67066E+12,3157.752868,54174770,ok,17153,17093.5,17224.5,17181,2022/12/10 8:00
1.67075E+12,4341.00547,74033780,ok,17181,16876.5,17259.5,16928,2022/12/11 8:00
1.67083E+12,6965.422606,118916190,ok,16927.5,16908,17233,17159,2022/12/12 8:00
1.67092E+12,14953.22256,264309610,ok,17159,17150.5,17997.5,17809.5,2022/12/13 8:00
1.671E+12,17216.72042,308509300,ok,17809.5,17551,18375.5,17693.5,2022/12/14 8:00
1.67109E+12,10078.07452,176101600,ok,17693.5,17275,17724,17512,2022/12/15 8:00
1.67118E+12,16104.55608,272004460,ok,17512.5,16517.5,17524,16747.5,2022/12/16 8:00
1.67126E+12,3277.541285,54776410,ok,16748,16640.5,16785.5,16733,2022/12/17 8:00
1.67135E+12,4079.588717,68253600,ok,16733,16625,16850.5,16718,2022/12/18 8:00
1.67144E+12,11512.97323,191309450,ok,16718,16243,16874.5,16793.5,2022/12/19 8:00
1.67152E+12,7626.922649,128541430,ok,16794,16707,17055,16816,2022/12/20 8:00
1.67161E+12,4985.658828,83828380,ok,16816.5,16726.5,16903,16828.5,2022/12/21 8:00
1.6717E+12,7810.034702,130746840,ok,16829,16548.5,16888,16845.5,2022/12/22 8:00
1.67178E+12,5322.737777,89594000,ok,16846,16732.5,16953.5,16853.5,2022/12/23 8:00
1.67187E+12,1454.110323,24481210,ok,16854,16802.5,16867.5,16834.5,2022/12/24 8:00
1.67196E+12,2208.970919,37174630,ok,16834,16725.5,16922.5,16848.5,2022/12/25 8:00
1.67204E+12,3136.954857,52898600,ok,16848.5,16777.5,16968,16872,2022/12/26 8:00
1.67213E+12,5439.824324,90945190,ok,16872.5,16559.5,16882.5,16646,2022/12/27 8:00
1.67221E+12,5220.171046,86648000,ok,16645.5,16457.5,16776,16544,2022/12/28 8:00
1.6723E+12,7633.013207,126369930,ok,16544,16428,16649,16467.5,2022/12/29 8:00
1.67239E+12,6792.167134,112063330,ok,16467.5,16326.5,16659.5,16559.5,2022/12/30 8:00
1.67247E+12,1752.010636,29003020,ok,16560,16467,16626.5,16519,2022/12/31 8:00
1.67256E+12,2775.514873,46127930,ok,16519,16497,16771.5,16714,2023/1/1 8:00
1.67265E+12,4196.490738,70145990,ok,16714,16646.5,16788.5,16730.5,2023/1/2 8:00
1.67273E+12,5270.260175,88183000,ok,16730,16603.5,16903,16876,2023/1/3 8:00
1.67282E+12,5571.352194,93877290,ok,16875.5,16759.5,16988,16820.5,2023/1/4 8:00
1.67291E+12,5572.71744,93688800,ok,16820.5,16752.5,16873,16783,2023/1/5 8:00
1.67299E+12,5611.419541,94493510,ok,16783,16653.5,17028,16951,2023/1/6 8:00
1.67308E+12,1066.92632,18073690,ok,16951,16913.5,16961.5,16961.5,2023/1/7 8:00
1.67316E+12,3830.425257,65526090,ok,16961.5,16925.5,17260,17206.5,2023/1/8 8:00
1.67325E+12,5617.890698,96954580,ok,17206,17135.5,17406.5,17206,2023/1/9 8:00
1.67334E+12,6451.651209,111993510,ok,17206,17192,17515.5,17464.5,2023/1/10 8:00
1.67342E+12,14544.62575,260276820,ok,17465,17325,18398.5,18127,2023/1/11 8:00
1.67351E+12,23430.64351,433351090,ok,18127,17930,19143.5,18843,2023/1/12 8:00
1.6736E+12,28309.03168,565901460,ok,18843,18821,21489,20924.5,2023/1/13 8:00
1.67368E+12,14790.00052,306835360,ok,20924,20290,21222,20749.5,2023/1/14 8:00
1.67377E+12,10735.29329,224988800,ok,20750,20593,21466,21125,2023/1/15 8:00
1.67386E+12,14790.56763,311047500,ok,21125,20615,21487.5,21138,2023/1/16 8:00
1.67394E+12,10069.00322,214102160,ok,21138,21037.5,21645.5,21302,2023/1/17 8:00
1.67403E+12,17501.81883,367130760,ok,21302,20403.5,21678.5,20804.5,2023/1/18 8:00
1.67412E+12,11918.52641,249609340,ok,20804,20657.5,21223,20949.5,2023/1/19 8:00
1.6742E+12,16557.60771,362127070,ok,20950,20900,22821,22666,2023/1/20 8:00
1.67429E+12,18104.22071,416729870,ok,22666.5,22618,23376.5,22897,2023/1/21 8:00
1.67437E+12,8312.162413,188986530,ok,22897,22311,23089.5,22699.5,2023/1/22 8:00
1.67446E+12,13848.88175,317521060,ok,22699.5,22510,23190,23061.5,2023/1/23 8:00
1.67455E+12,11681.38309,266509400,ok,23061.5,22337,23109,22719.5,2023/1/24 8:00
1.67463E+12,19587.30984,451106370,ok,22719,22350,23883.5,22978,2023/1/25 8:00
1.67472E+12,14976.81996,344278470,ok,22978,22554,23251.5,23089,2023/1/26 8:00
1.67481E+12,14205.01978,328139900,ok,23089,22852,23564,23012.5,2023/1/27 8:00
1.67489E+12,4695.884378,108604180,ok,23012.5,22888.5,23510.5,23214,2023/1/28 8:00
1.67498E+12,11167.57259,263795210,ok,23214,23166.5,24001,23656,2023/1/29 8:00
1.67507E+12,13338.37802,306805150,ok,23656,22456,23682.5,22971,2023/1/30 8:00
1.67515E+12,8654.883505,199485480,ok,22973.5,22812,23333,23083,2023/1/31 8:00
1.67524E+12,20643.62919,484252240,ok,23083,22750.5,24288.5,23801.5,2023/2/1 8:00
1.67532E+12,15354.28805,364469920,ok,23801.5,23375,24174,23449.5,2023/2/2 8:00
1.67541E+12,12883.46927,301904820,ok,23449.5,23212.5,23723.5,23338,2023/2/3 8:00
1.6755E+12,4216.321287,98648310,ok,23338,23230,23594,23387.5,2023/2/4 8:00
1.67558E+12,8392.038158,192984930,ok,23387.5,22635.5,23434.5,22885,2023/2/5 8:00
1.67567E+12,7173.53769,164320210,ok,22886,22641,23171.5,22915,2023/2/6 8:00
1.67576E+12,10530.51648,243239880,ok,22915,22776,23450,23235.5,2023/2/7 8:00
1.67584E+12,10238.53192,233809110,ok,23235.5,22356.5,23240,22678,2023/2/8 8:00
1.67593E+12,16891.44564,374245350,ok,22678,21632,22841,21912,2023/2/9 8:00
1.67602E+12,9782.731208,212482720,ok,21912.5,21459,21926.5,21698.5,2023/2/10 8:00
1.6761E+12,3063.36077,66631660,ok,21698.5,21624,21898.5,21801,2023/2/11 8:00
1.67619E+12,7491.659907,163687220,ok,21801,21631.5,22084.5,21883,2023/2/12 8:00
1.67628E+12,10527.28639,227717140,ok,21883,21371,21887,21775,2023/2/13 8:00
1.67636E+12,14748.04731,324576180,ok,21775,21510.5,22328,22118.5,2023/2/14 8:00
1.67645E+12,27070.36997,639080650,ok,22119,22099,24943,24643,2023/2/15 8:00
1.67653E+12,30927.30116,755021150,ok,24643,23355,25306,23646.5,2023/2/16 8:00
1.67662E+12,19718.98681,478597040,ok,23646.5,23549.5,25061,24541,2023/2/17 8:00
1.67671E+12,5265.306835,129917950,ok,24541,24463.5,24918,24591.5,2023/2/18 8:00
1.67679E+12,11607.8552,284845050,ok,24591.5,23842,25239.5,24516.5,2023/2/19 8:00
1.67688E+12,11940.39499,296905490,ok,24516.5,24389.5,25143,25007,2023/2/20 8:00
1.67697E+12,19470.65654,476578480,ok,25007,23861.5,25300,24074.5,2023/2/21 8:00
1.67705E+12,17116.71324,411671110,ok,24074,23586,24610,24394.5,2023/2/22 8:00
1.67714E+12,17806.33445,427018660,ok,24394.5,23620,24504.5,23854,2023/2/23 8:00
1.67723E+12,15091.16282,353167780,ok,23854,22844,24045.5,23119,2023/2/24 8:00
1.67731E+12,4652.280339,107174070,ok,23118.5,22756.5,23253,23157,2023/2/25 8:00
1.6774E+12,5954.19923,139438800,ok,23157.5,23122,23695,23427,2023/2/26 8:00
1.67748E+12,9825.094334,230546580,ok,23427.5,23123.5,23900,23239.5,2023/2/27 8:00
1.67757E+12,10120.98558,237121210,ok,23239.5,23026,23854,23724,2023/2/28 8:00
1.67766E+12,10409.69887,246047440,ok,23723.5,23312.5,24020,23402.5,2023/3/1 8:00
1.67774E+12,19105.86631,434128740,ok,23402,21959.5,23571,22351,2023/3/2 8:00
1.67783E+12,7808.008543,174429020,ok,22350.5,22144.5,22494,22359.5,2023/3/3 8:00
1.67792E+12,4187.543204,93777550,ok,22359.5,22164.5,22654.5,22383.5,2023/3/4 8:00
1.678E+12,3890.81248,87174870,ok,22383.5,22266,22553,22381.5,2023/3/5 8:00
1.67809E+12,5350.144495,120016570,ok,22381.5,22299.5,22602,22421.5,2023/3/6 8:00
1.67818E+12,12003.32006,266209530,ok,22421.5,21829,22484,21962,2023/3/7 8:00
1.67826E+12,9910.862339,216949550,ok,21961.5,21575,22219,21679,2023/3/8 8:00
1.67835E+12,29846.58996,616519720,ok,21678.5,19772.5,21829.5,19940.5,2023/3/9 8:00
1.67844E+12,33269.23937,668417340,ok,19940.5,19554,20869,19944.5,2023/3/10 8:00
1.67852E+12,22145.2953,450209350,ok,19943,19860,20658.5,20518.5,2023/3/11 8:00
1.67861E+12,40255.15817,872168540,ok,20518.5,20435,22781,22553,2023/3/12 8:00
1.67869E+12,53143.16048,1255817060,ok,22553,21861.5,24926,24369.5,2023/3/13 8:00
1.67878E+12,52961.37032,1335791840,ok,24369.5,24014.5,26695,25001.5,2023/3/14 8:00
1.67887E+12,32445.64964,798061280,ok,25005,23913.5,25316,24658,2023/3/15 8:00
1.67895E+12,33444.64119,848401860,ok,24657.5,24437.5,26290.5,26178,2023/3/16 8:00
1.67904E+12,39406.42715,1061078870,ok,26178,26015,27877,27419,2023/3/17 8:00
1.67913E+12,12778.62227,348175110,ok,27419,26656.5,27734,27043.5,2023/3/18 8:00
1.67921E+12,19886.4702,552929800,ok,27043.5,26950.5,28500,28285,2023/3/19 8:00
1.6793E+12,20323.53449,568920050,ok,28285,27400,28590.5,27599,2023/3/20 8:00
1.67939E+12,14438.74407,405939970,ok,27599.5,27491,28547.5,28167,2023/3/21 8:00
1.67947E+12,30887.40161,862303480,ok,28167,26657.5,28960,27723.5,2023/3/22 8:00
1.67956E+12,23981.72001,675389330,ok,27723.5,27344,28860,28349.5,2023/3/23 8:00
1.67964E+12,19884.30131,553605020,ok,28349.5,27003,28365.5,27523,2023/3/24 8:00
1.67973E+12,6244.302986,171714770,ok,27524.5,27188.5,27848,27538.5,2023/3/25 8:00
1.67982E+12,8204.442926,228855220,ok,27538.5,27519,28267,27840,2023/3/26 8:00
1.6799E+12,16347.65082,443964160,ok,27840,26507,28026.5,26965,2023/3/27 8:00
1.67999E+12,13349.64036,365089600,ok,26964.5,26634,28204.5,28111,2023/3/28 8:00
1.68008E+12,22824.3724,650189260,ok,28116,28065.5,29225,28770,2023/3/29 8:00
1.68016E+12,25289.24614,709961320,ok,28770,27490.5,28796.5,27737,2023/3/30 8:00
1.68025E+12,17835.56935,504330840,ok,27737,27700,28819,28448,2023/3/31 8:00
1.68034E+12,3598.476442,102321920,ok,28448,28237.5,28590,28433,2023/4/1 8:00
1.68042E+12,7382.628634,206803800,ok,28433,27570,28468,27966.5,2023/4/2 8:00
1.68051E+12,15846.73822,443673080,ok,27970,27180,28541.5,28027.5,2023/4/3 8:00
1.6806E+12,10657.23481,301759470,ok,28028,27946,28795,28545,2023/4/4 8:00
1.68068E+12,10532.63003,297358480,ok,28545,27810.5,28768,27918.5,2023/4/5 8:00
1.68077E+12,10689.0086,298848470,ok,27919,27688,28200,27850.5,2023/4/6 8:00
1.68085E+12,5478.124561,153006390,ok,27844.5,27790,28165,28091.5,2023/4/7 8:00
1.68094E+12,3059.00071,85644350,ok,28091,27856.5,28123.5,27914,2023/4/8 8:00
1.68103E+12,5742.788803,161929830,ok,27914,27801,28543.5,28289,2023/4/9 8:00
1.68111E+12,20465.97014,600233220,ok,28288.5,28164.5,30499.5,30144,2023/4/10 8:00
1.6812E+12,9843.158886,296992030,ok,30144.5,29869,30600,30015,2023/4/11 8:00
1.68129E+12,11898.66174,357798410,ok,30015,29680.5,30550,30110,2023/4/12 8:00
1.68137E+12,15938.85211,487153790,ok,30110,30076.5,31099,30772.5,2023/4/13 8:00
1.68146E+12,10652.63177,324813430,ok,30773,29998,30895,30457.5,2023/4/14 8:00
1.68155E+12,3249.69065,98659670,ok,30458,30150.5,30496,30379,2023/4/15 8:00
1.68163E+12,7528.643391,227015630,ok,30379.5,29759.5,30589.5,29850.5,2023/4/16 8:00
1.68172E+12,11986.54353,354325540,ok,29851,29106,29922,29788.5,2023/4/17 8:00
1.6818E+12,11049.7409,333546090,ok,29788.5,29705,30515.5,30090,2023/4/18 8:00
1.68189E+12,21961.64854,640558730,ok,30090,28555,30090.5,28856,2023/4/19 8:00
1.68198E+12,20994.84725,594639500,ok,28856.5,27814,28950.5,28164,2023/4/20 8:00
1.68206E+12,11590.86047,321900790,ok,28165,27121.5,28309,27273.5,2023/4/21 8:00
1.68215E+12,5441.270647,149998860,ok,27273,27189,27878.5,27725.5,2023/4/22 8:00
1.68224E+12,6132.262164,169331000,ok,27725.5,27319,28000,27448,2023/4/23 8:00
1.68232E+12,9015.602948,246608850,ok,27448,26955,27715,27265,2023/4/24 8:00
1.68241E+12,11749.21095,327312010,ok,27264.5,27190.5,28605,28388.5,2023/4/25 8:00
1.6825E+12,41525.02953,1195167780,ok,28388.5,27175,30038.5,28905.5,2023/4/26 8:00
1.68258E+12,18828.35608,552674190,ok,28905,28673.5,29900,29505,2023/4/27 8:00
1.68267E+12,9711.550729,284234210,ok,29505,28907.5,29521,29361,2023/4/28 8:00
1.68276E+12,2796.786628,81792320,ok,29361,29050,29409.5,29284,2023/4/29 8:00
1.68284E+12,11378.80345,331915040,ok,29284,28272,29976,28641.5,2023/4/30 8:00
1.68293E+12,9110.214946,256256190,ok,28641,27656.5,28669,28047,2023/5/1 8:00
1.68301E+12,10370.54327,295371520,ok,28047,27905,28900,28667.5,2023/5/2 8:00
1.6831E+12,16202.47563,464750230,ok,28668,28122,29279.5,29085,2023/5/3 8:00
1.68319E+12,12383.47753,359761910,ok,29085,28680.5,29555,29069,2023/5/4 8:00
1.68327E+12,11030.52113,323856490,ok,29069,28768,29858.5,29407.5,2023/5/5 8:00
1.68336E+12,7893.046401,228125690,ok,29407.5,28400,29408,28927.5,2023/5/6 8:00
1.68345E+12,10638.22337,303530780,ok,28927.5,27850,29130,28002.5,2023/5/7 8:00
1.68353E+12,12400.85922,343479540,ok,28003,27262.5,28089.5,27663.5,2023/5/8 8:00
1.68362E+12,7762.396275,214429390,ok,27663.5,27369,27858,27550,2023/5/9 8:00
1.68371E+12,18712.29578,516989300,ok,27550,26750,28342.5,27465.5,2023/5/10 8:00
1.68379E+12,15055.25931,404423350,ok,27465.5,26125,27637.5,26298,2023/5/11 8:00
1.68388E+12,12436.44582,328936790,ok,26298,25808,26989,26795.5,2023/5/12 8:00
1.68396E+12,4023.670186,107957030,ok,26796,26581,27065.5,26873,2023/5/13 8:00
1.68405E+12,8161.092225,221376540,ok,26873,26727.5,27562,27425.5,2023/5/14 8:00
1.68414E+12,9027.014814,246652900,ok,27426,26855.5,27694.5,27266.5,2023/5/15 8:00
1.68422E+12,6435.613323,174033690,ok,27266,26750,27294.5,26863,2023/5/16 8:00
1.68431E+12,10397.82946,281438990,ok,26863,26553.5,27532.5,27405.5,2023/5/17 8:00
1.6844E+12,13020.78829,350880140,ok,27406,26300.5,27483.5,26869.5,2023/5/18 8:00
1.68448E+12,7510.758887,202003330,ok,26869.5,26630,27199.5,26881.5,2023/5/19 8:00
1.68457E+12,3966.129459,107405710,ok,26881,26881,27295,27083,2023/5/20 8:00
1.68466E+12,7292.77672,195574870,ok,27083,26552,27100,26860,2023/5/21 8:00
1.68474E+12,10054.95864,272285490,ok,26860,26714.5,27516.5,27320,2023/5/22 8:00
1.68483E+12,8351.214451,226051260,ok,27320,26617.5,27405,26684,2023/5/23 8:00
1.68492E+12,13520.59324,355883430,ok,26683.5,25868,26844,26133,2023/5/24 8:00
1.685E+12,9540.212876,251771210,ok,26133,26130.5,26633,26517.5,2023/5/25 8:00
1.68509E+12,6744.409758,179760850,ok,26517,26366.5,26950,26735,2023/5/26 8:00
1.68517E+12,4776.180949,128966280,ok,26734.5,26567,27314,27252,2023/5/27 8:00
1.68526E+12,11921.22211,332010440,ok,27252,27117,28480.5,27914,2023/5/28 8:00
1.68535E+12,6804.140179,188968280,ok,27914,27548.5,27989.5,27747,2023/5/29 8:00
1.68543E+12,9924.855279,273795590,ok,27745,26986.5,28066.5,27176.5,2023/5/30 8:00
1.68552E+12,8093.075611,218489520,ok,27176,26621,27370,26808,2023/5/31 8:00
1.68561E+12,9918.637772,267336510,ok,26808,26506.5,27236,27059,2023/6/1 8:00
1.68569E+12,6882.128691,186633660,ok,27059,26884,27324.5,27190,2023/6/2 8:00
1.68578E+12,2542.303814,69009130,ok,27189.5,26940,27350,27168.5,2023/6/3 8:00
1.68587E+12,4463.320402,121017860,ok,27168,26765,27480.5,26854,2023/6/4 8:00
1.68595E+12,17833.66711,462939120,ok,26853.5,25404,26857,25728,2023/6/5 8:00
1.68604E+12,20940.42286,554739280,ok,25728,25351,27410,26820.5,2023/6/6 8:00
1.68612E+12,13613.51713,361273660,ok,26821,26142.5,26989.5,26455.5,2023/6/7 8:00
1.68621E+12,7068.942008,187524750,ok,26455.5,26301,26835,26509.5,2023/6/8 8:00
1.6863E+12,10964.95962,286019020,ok,26509.5,25488.5,26813.5,25670,2023/6/9 8:00
1.68638E+12,6583.923391,169478870,ok,25670,25372,26174.5,25769.5,2023/6/10 8:00
1.68647E+12,4647.7989,120279090,ok,25769.5,25637.5,26222.5,25821.5,2023/6/11 8:00
1.68656E+12,7126.038728,184765990,ok,25821,25669,26170,26091,2023/6/12 8:00
1.68664E+12,8706.676678,226758050,ok,26090.5,25734,26461.5,25910.5,2023/6/13 8:00
1.68673E+12,12654.58307,320140810,ok,25910.5,24802,26108.5,24933,2023/6/14 8:00
1.68682E+12,12703.64605,320586710,ok,24933,24770,25758,25513.5,2023/6/15 8:00
1.6869E+12,15656.9948,407542750,ok,25513,25162,26850,26596.5,2023/6/16 8:00
1.68699E+12,3347.0165,88841580,ok,26596.5,26316,26682,26602.5,2023/6/17 8:00
1.68708E+12,3782.953077,100147220,ok,26603,26267.5,26710,26444,2023/6/18 8:00
1.68716E+12,10545.61998,281796160,ok,26444,26310.5,27188,26841.5,2023/6/19 8:00
1.68725E+12,22065.40464,617794170,ok,26841,26660,29085.5,28886,2023/6/20 8:00
1.68733E+12,30123.69596,900387430,ok,28884,28819.5,30850,30101,2023/6/21 8:00
1.68742E+12,16294.98248,489140520,ok,30101,29544,30367,29936.5,2023/6/22 8:00
1.68751E+12,21245.07386,651828110,ok,29937,29915,31492,30596.5,2023/6/23 8:00
1.68759E+12,5516.172696,169357720,ok,30596.5,30285,31070.5,30767,2023/6/24 8:00
1.68768E+12,7915.061016,240712580,ok,30767,29988,30803.5,30424.5,2023/6/25 8:00
1.68777E+12,10617.18081,321714500,ok,30424.5,29929.5,30661.5,30418.5,2023/6/26 8:00
1.68785E+12,11528.67071,353050610,ok,30419,30174,31039,30203,2023/6/27 8:00
1.68794E+12,11878.90396,358897850,ok,30202.5,29850,30516,30350,2023/6/28 8:00
1.68803E+12,21878.65408,671935000,ok,30350,30257,31332.5,30764.5,2023/6/29 8:00
1.68811E+12,24462.16972,743802090,ok,30765,29456,31144,30478,2023/6/30 8:00
1.6882E+12,2458.049035,75154160,ok,30479.5,30444.5,30677.5,30529.5,2023/7/1 8:00
1.68828E+12,6259.579638,191624840,ok,30529,30189,30824.5,30688,2023/7/2 8:00
1.68837E+12,9670.062571,299835190,ok,30688.5,30598,31421,30926,2023/7/3 8:00
1.68846E+12,5673.705658,175335180,ok,30926,30651.5,31157,30786,2023/7/4 8:00
1.68854E+12,9286.197487,283440780,ok,30786,30217,30883,30817.5,2023/7/5 8:00
1.68863E+12,19444.29299,592643590,ok,30818,29718,31561.5,30022,2023/7/6 8:00
1.68872E+12,7036.28709,212853520,ok,30018,29980,30465,30209,2023/7/7 8:00
1.6888E+12,3265.1368,98788330,ok,30209.5,30055.5,30415,30281.5,2023/7/8 8:00
1.68889E+12,3639.784435,109892340,ok,30282.5,29962.5,30457,30120,2023/7/9 8:00
1.68898E+12,9647.016741,294146330,ok,30119.5,30014.5,31073.5,30560,2023/7/10 8:00
1.68906E+12,6928.498742,212059870,ok,30560,30323,30874,30767.5,2023/7/11 8:00
1.68915E+12,10280.06994,314295270,ok,30767.5,30220,31036,30365.5,2023/7/12 8:00
1.68924E+12,18691.38844,582893960,ok,30365.5,30347,31887.5,31118,2023/7/13 8:00
1.68932E+12,12253.7312,375814050,ok,31118,29917,31392.5,30333,2023/7/14 8:00
1.68941E+12,2420.898063,73325000,ok,30333,30085,30375,30284,2023/7/15 8:00
1.68949E+12,2830.109986,85800570,ok,30283.5,30152.5,30457,30288,2023/7/16 8:00
1.68958E+12,8213.288081,246868820,ok,30289,29668.5,30337.5,29970.5,2023/7/17 8:00
1.68967E+12,6212.959298,185719010,ok,29971,29495,30210.5,30017,2023/7/18 8:00
1.68975E+12,6371.77676,191293760,ok,30016.5,29776,30275.5,30223.5,2023/7/19 8:00
1.68984E+12,8984.579274,268918090,ok,30223.5,29580,30438,29772.5,2023/7/20 8:00
1.68993E+12,5091.417062,152129480,ok,29772.5,29743.5,30072.5,29942,2023/7/21 8:00
1.69001E+12,2777.261782,82885260,ok,29941.5,29637.5,29987.5,29922,2023/7/22 8:00
1.6901E+12,4936.974407,148132820,ok,29922,29662,30359,29833.5,2023/7/23 8:00
1.69019E+12,8846.373145,258059860,ok,29833.5,28868,29834,29149,2023/7/24 8:00
1.69027E+12,4851.175034,141801440,ok,29149,29088,29409,29210.5,2023/7/25 8:00
1.69036E+12,6284.86036,184767130,ok,29210,29160.5,29686.5,29424,2023/7/26 8:00
1.69044E+12,7461.584569,218622510,ok,29424,29088,29584,29135,2023/7/27 8:00
1.69053E+12,4486.918772,131568590,ok,29135,29134,29550,29303,2023/7/28 8:00
1.69062E+12,1203.751011,35298440,ok,29303,29272.5,29393,29312,2023/7/29 8:00
1.6907E+12,4554.352458,133536940,ok,29312,29036,29540,29394.5,2023/7/30 8:00
1.69079E+12,7370.520876,214714400,ok,29393.5,28674.5,29484,28937,2023/7/31 8:00
1.69088E+12,13628.68489,399391570,ok,28936.5,28577.5,30062.5,29583,2023/8/1 8:00
1.69096E+12,8989.799247,262948690,ok,29583,28918.5,29620.5,29036.5,2023/8/2 8:00
1.69105E+12,7148.874908,208908390,ok,29036,28963.5,29422.5,29199.5,2023/8/3 8:00
1.69114E+12,5348.228773,155645440,ok,29199,28764,29323.5,29027.5,2023/8/4 8:00
1.69122E+12,1645.050763,47778990,ok,29027,28971.5,29096.5,29082.5,2023/8/5 8:00
1.69131E+12,3229.467998,93918240,ok,29082,28980.5,29196.5,29060.5,2023/8/6 8:00
1.6914E+12,6383.495376,185129270,ok,29060,28680.5,29312.5,29160,2023/8/7 8:00
1.69148E+12,12621.51021,375243060,ok,29160,29152,30252,29824,2023/8/8 8:00
1.69157E+12,7075.823813,210335600,ok,29824,29359,30136,29497,2023/8/9 8:00
1.69165E+12,4897.46439,144315750,ok,29496.5,29310.5,29727.5,29385,2023/8/10 8:00
1.69174E+12,3557.346677,104559140,ok,29385.5,29226,29541,29407,2023/8/11 8:00
1.69183E+12,1419.377938,41761700,ok,29406.5,29359,29476,29394.5,2023/8/12 8:00
1.69191E+12,2775.321079,81330390,ok,29394,29075.5,29457,29402.5,2023/8/13 8:00
1.692E+12,5565.806809,163999500,ok,29402.5,29235.5,29678.5,29380,2023/8/14 8:00
1.69209E+12,5105.780509,149488500,ok,29380,29059.5,29478,29183,2023/8/15 8:00
1.69217E+12,9781.634973,282096880,ok,29177.5,28303,29217.5,28590,2023/8/16 8:00
1.69226E+12,51714.46737,1373140570,ok,28590,24100,28600,26404.5,2023/8/17 8:00
1.69235E+12,17306.56632,452155850,ok,26404.5,25579.5,26608.5,25900.5,2023/8/18 8:00
1.69243E+12,5042.634424,131426000,ok,25900,25868,26262.5,26078,2023/8/19 8:00
1.69252E+12,3530.549744,92227350,ok,26078.5,25970,26298.5,26015.5,2023/8/20 8:00
1.6926E+12,7357.31533,191570550,ok,26015,25808.5,26266,26100.5,2023/8/21 8:00
1.69269E+12,10274.60031,266022430,ok,26101,25313.5,26179.5,26056,2023/8/22 8:00
1.69278E+12,14213.89262,375040730,ok,26056,25801,26895.5,26477,2023/8/23 8:00
1.69286E+12,11516.41792,300909650,ok,26476.5,25860.5,26569.5,25962,2023/8/24 8:00
1.69295E+12,8382.354213,218249110,ok,25962,25767,26300,26042.5,2023/8/25 8:00
1.69304E+12,1137.017609,29592070,ok,26042,25972.5,26065.5,26039.5,2023/8/26 8:00
1.69312E+12,3112.107174,80956760,ok,26039,25866,26168.5,25912.5,2023/8/27 8:00
1.69321E+12,5492.314327,143083810,ok,25912,25847.5,26231.5,25994.5,2023/8/28 8:00
1.6933E+12,29729.8678,813251030,ok,25994.5,25909,28150,27439.5,2023/8/29 8:00
1.69338E+12,7642.113494,208332620,ok,27439,27019.5,27500,27253.5,2023/8/30 8:00
1.69347E+12,17993.71437,475576590,ok,27253,25647.5,27591,25975,2023/8/31 8:00
1.69356E+12,10919.53362,281194210,ok,25975,25316,26134.5,25785,2023/9/1 8:00
1.69364E+12,2275.326335,58836300,ok,25785,25764,25978.5,25954,2023/9/2 8:00
1.69373E+12,3395.903861,88182670,ok,25954.5,25806,26138,25959,2023/9/3 8:00
1.69381E+12,5337.178926,137743460,ok,25959,25556.5,26008.5,25722,2023/9/4 8:00
1.6939E+12,5377.506236,138493190,ok,25722,25619,25890,25714.5,2023/9/5 8:00
1.69399E+12,7848.873742,201565940,ok,25714.5,25358.5,26072.5,25760.5,2023/9/6 8:00
1.69407E+12,11785.01743,307693500,ok,25760.5,25605,26443.5,26254.5,2023/9/7 8:00
1.69416E+12,6094.056858,157780740,ok,26254.5,25640,26268.5,25876,2023/9/8 8:00
1.69425E+12,1626.533577,42048230,ok,25875,25750,25941.5,25849.5,2023/9/9 8:00
1.69433E+12,5268.978439,135898080,ok,25850,25570.5,26021.5,25808.5,2023/9/10 8:00
1.69442E+12,21095.18669,535892000,ok,25809,24902,25985,25822,2023/9/11 8:00
1.69451E+12,14916.19839,389396840,ok,25822.5,25736.5,26611,25881.5,2023/9/12 8:00
1.69459E+12,8856.369706,232438480,ok,25881.5,25867.5,26548,26347,2023/9/13 8:00
1.69468E+12,10174.58189,270527140,ok,26347.5,26277.5,26850,26578,2023/9/14 8:00
1.69476E+12,9510.320482,252214180,ok,26578,26234,26895,26495.5,2023/9/15 8:00
1.69485E+12,2410.708433,63964830,ok,26495,26438,26628,26504,2023/9/16 8:00
1.69494E+12,4838.494272,128642020,ok,26504.5,26392.5,26818,26718,2023/9/17 8:00
1.69502E+12,11792.47039,318432130,ok,26718.5,26650,27429.5,26855,2023/9/18 8:00
1.69511E+12,11438.71517,311146600,ok,26857,26857,27496.5,27112.5,2023/9/19 8:00
1.6952E+12,8843.545456,239429810,ok,27112,26803,27308.5,26994.5,2023/9/20 8:00
1.69528E+12,8780.862835,233805370,ok,26994.5,26379.5,27017.5,26676.5,2023/9/21 8:00
1.69537E+12,4018.319985,106964140,ok,26676.5,26502.5,26746,26592.5,2023/9/22 8:00
1.69546E+12,1088.203233,28931040,ok,26593,26555,26634,26572,2023/9/23 8:00
1.69554E+12,8307.74585,218628820,ok,26571.5,25990.5,26736,26192.5,2023/9/24 8:00
1.69563E+12,5913.808804,155117780,ok,26192,25996,26447,26273,2023/9/25 8:00
1.69572E+12,6326.732221,165776940,ok,26273,26085,26324.5,26239,2023/9/26 8:00
1.6958E+12,13457.94441,356123870,ok,26239,26105,26845,26444.5,2023/9/27 8:00
1.69589E+12,16386.66769,441791040,ok,26445,26381.5,27317.5,27172,2023/9/28 8:00
1.69597E+12,7159.541081,193041730,ok,27172.5,26680.5,27173,26940.5,2023/9/29 8:00
1.69606E+12,2136.708555,57757390,ok,26940,26920.5,27166.5,27129,2023/9/30 8:00
1.69615E+12,11709.2845,326211820,ok,27129,27051.5,28473.5,28320.5,2023/10/1 8:00
1.69623E+12,14250.53313,398945300,ok,28322.5,27318.5,28609,27560.5,2023/10/2 8:00
1.69632E+12,9729.296514,266493140,ok,27560,27104,27650,27449.5,2023/10/3 8:00
1.69641E+12,6280.450577,173434830,ok,27449.5,27340,27903,27622.5,2023/10/4 8:00
1.69649E+12,11989.35398,332066410,ok,27622.5,27370,28125,27646,2023/10/5 8:00
1.69658E+12,12738.64353,354106350,ok,27646,27175.5,28325,27908,2023/10/6 8:00
1.69667E+12,2134.212165,59695420,ok,27908,27880,28105.5,27931.5,2023/10/7 8:00
1.69675E+12,4177.70056,116579140,ok,27931.5,27712.5,28025.5,27842.5,2023/10/8 8:00
1.69684E+12,11392.57585,313590170,ok,27842,27267.5,27857.5,27658.5,2023/10/9 8:00
1.69692E+12,8395.692668,229396570,ok,27658.5,26971,27746.5,27025.5,2023/10/10 8:00
1.69701E+12,14225.48883,383337020,ok,27025,26540.5,27347.5,26814,2023/10/11 8:00
1.6971E+12,7927.349604,212085210,ok,26814.5,26544.5,26945.5,26873,2023/10/12 8:00
1.69718E+12,8240.350687,221434670,ok,26873,26684.5,27139.5,26872,2023/10/13 8:00
1.69727E+12,1157.131901,31111620,ok,26874.5,26808.5,26959.5,26896,2023/10/14 8:00
1.69736E+12,11096.06299,305581360,ok,26896.5,26823.5,28002.5,27849,2023/10/15 8:00
1.69744E+12,39948.36798,1142525940,ok,27849.5,27652.5,30555,28442.5,2023/10/16 8:00
1.69753E+12,21573.22273,614906740,ok,28445.5,28143.5,29032,28519.5,2023/10/17 8:00
1.69762E+12,7728.502605,218832090,ok,28516,28115,28615,28340.5,2023/10/18 8:00
1.6977E+12,17793.73451,514366340,ok,28340,28297,29441.5,29273.5,2023/10/19 8:00
1.69779E+12,17675.01995,524709070,ok,29273.5,29271,30283.5,29722,2023/10/20 8:00
1.69788E+12,8731.037732,261975540,ok,29722,29654,30406,29850.5,2023/10/21 8:00
1.69796E+12,18477.80084,562861320,ok,29850.5,29734.5,31053,30534,2023/10/22 8:00
1.69805E+12,68551.58138,2253292890,ok,30533.5,30368.5,35686,34033.5,2023/10/23 8:00
1.69813E+12,36392.5342,1239325520,ok,34032.5,33255,34902.5,33877.5,2023/10/24 8:00
1.69822E+12,20073.7973,694490360,ok,33878,33803,35178.5,34683,2023/10/25 8:00
1.69831E+12,22167.37513,756521980,ok,34683,33750,34775.5,33970,2023/10/26 8:00
1.69839E+12,14216.33433,482401200,ok,33970,33366,34259,34074,2023/10/27 8:00
1.69848E+12,3874.525246,132472150,ok,34075,33954.5,34551,34118,2023/10/28 8:00
1.69857E+12,7491.386453,258242920,ok,34118,34118,34788,34216.5,2023/10/29 8:00
1.69865E+12,11665.84413,402804340,ok,34216.5,34071.5,34897.5,34166,2023/10/30 8:00
1.69874E+12,7140.634602,245921650,ok,34165.5,34051,34750,34475,2023/10/31 8:00
1.69883E+12,22999.80852,806189630,ok,34474.5,34102,36030,35324,2023/11/1 8:00
1.69891E+12,22318.13386,776351650,ok,35324,34320.5,35522.5,34492,2023/11/2 8:00
1.699E+12,11035.18547,381211370,ok,34492,34135,35050,34800,2023/11/3 8:00
1.69908E+12,4987.736691,174783320,ok,34800.5,34687.5,35366,35216.5,2023/11/4 8:00
1.69917E+12,9516.947963,332984940,ok,35216.5,34495,35448.5,34960.5,2023/11/5 8:00
1.69926E+12,8357.071312,292912840,ok,34961,34823.5,35312,34959,2023/11/6 8:00
1.69934E+12,13957.95489,491105680,ok,34959,34540,35928.5,35240,2023/11/7 8:00
1.69943E+12,18108.28596,650862750,ok,35240,35114.5,36902,36565.5,2023/11/8 8:00
1.69952E+12,32848.36408,1212860930,ok,36565.5,35586.5,38100,36465.5,2023/11/9 8:00
1.6996E+12,12210.51908,452595090,ok,36465.5,36339,37573,37035.5,2023/11/10 8:00
1.69969E+12,4762.104207,176318480,ok,37035,36656.5,37303,37152.5,2023/11/11 8:00
1.69978E+12,4607.25561,170936990,ok,37153,36795,37461,36981.5,2023/11/12 8:00
1.69986E+12,9307.618157,341353300,ok,36981,36211,37059.5,36704.5,2023/11/13 8:00
1.69995E+12,19754.98898,708775640,ok,36705,34659.5,36768,35602,2023/11/14 8:00
1.70004E+12,20910.61474,776086000,ok,35600.5,35600.5,38009,37477.5,2023/11/15 8:00
1.70012E+12,23161.48145,844084150,ok,37477.5,35509,37577.5,36250.5,2023/11/16 8:00
1.70021E+12,11086.47895,402948890,ok,36250.5,35867,36888,36429,2023/11/17 8:00
1.70029E+12,3243.131867,118683600,ok,36429,36378,36849.5,36629.5,2023/11/18 8:00
1.70038E+12,5338.466026,197844780,ok,36629.5,36412.5,37541.5,37273.5,2023/11/19 8:00
1.70047E+12,14749.83746,550644660,ok,37277,36700,37787,37289.5,2023/11/20 8:00
1.70055E+12,23359.15022,857066290,ok,37294.5,35625.5,37521.5,36460,2023/11/21 8:00
1.70064E+12,12589.53655,467686660,ok,36460,36250,37887.5,37399.5,2023/11/22 8:00
1.70073E+12,10764.90551,401986070,ok,37400,36882.5,37681.5,37562,2023/11/23 8:00
1.70081E+12,16943.21397,641973300,ok,37562,37452.5,38473.5,37840,2023/11/24 8:00
1.7009E+12,1754.858541,66269480,ok,37840,37628,37924,37823,2023/11/25 8:00
1.70099E+12,7588.618148,284150730,ok,37823,37048.5,37846,37302.5,2023/11/26 8:00
1.70107E+12,11258.87301,416864080,ok,37302.5,36729.5,37475.5,37110.5,2023/11/27 8:00
1.70116E+12,12318.67918,466590210,ok,37111,36932.5,38431,38138,2023/11/28 8:00
1.70124E+12,8594.392806,326584970,ok,38140,37581,38499.5,37808.5,2023/11/29 8:00
1.70133E+12,10535.20773,399423300,ok,37808.5,37480,38390,38281.5,2023/11/30 8:00
1.70142E+12,14566.51735,563345530,ok,38282,38228.5,39159.5,38749.5,2023/12/1 8:00
1.7015E+12,9549.623584,375869390,ok,38749,38688,39885.5,39518,2023/12/2 8:00
1.70159E+12,15630.64111,634556400,ok,39517.5,39415,41783,41466,2023/12/3 8:00
1.70168E+12,16510.16925,688914550,ok,41466.5,41130.5,42441,41538.5,2023/12/4 8:00
1.70176E+12,29962.64448,1299233050,ok,41540,41450,44500,43706,2023/12/5 8:00
1.70185E+12,11410.42557,501167040,ok,43697.5,43385.5,44300,43899.5,2023/12/6 8:00
1.70194E+12,17534.86307,760551170,ok,43899.5,42850.5,43936.5,43194,2023/12/7 8:00
1.70202E+12,12302.37947,540116870,ok,43194.5,43089,44756.5,44222,2023/12/8 8:00
1.70211E+12,5261.624418,231097230,ok,44222,43596,44237.5,43990,2023/12/9 8:00
1.7022E+12,20725.58139,876765370,ok,43986,40298.5,44059,42132.5,2023/12/10 8:00
1.70228E+12,21279.12653,881575430,ok,42133,40193.5,42494,41913,2023/12/11 8:00
1.70237E+12,14977.26798,618037530,ok,41912.5,40591,42102.5,41092.5,2023/12/12 8:00
1.70245E+12,13811.56515,585339040,ok,41092.5,40953.5,43486.5,42925.5,2023/12/13 8:00
1.70254E+12,20710.56503,884153070,ok,42930.5,41378.5,43428,42749,2023/12/14 8:00
1.70263E+12,10215.24953,431354170,ok,42749,41615.5,43059.5,42214,2023/12/15 8:00
1.70271E+12,5171.182852,218488470,ok,42214.5,41760,42726,41873,2023/12/16 8:00
1.7028E+12,9555.353725,396571940,ok,41872.5,40756,42403,41105,2023/12/17 8:00
1.70289E+12,15184.64543,636914650,ok,41104.5,40528,43477.5,43057,2023/12/18 8:00
1.70297E+12,11332.59524,481796820,ok,43057.5,41809,43275,42923,2023/12/19 8:00
1.70306E+12,14855.87711,648485040,ok,42923.5,42677.5,44350.5,43788,2023/12/20 8:00
1.70315E+12,16526.40777,725538670,ok,43785.5,43389.5,44455.5,43615.5,2023/12/21 8:00
1.70323E+12,8492.193686,371290920,ok,43615.5,43350.5,44103,43603.5,2023/12/22 8:00
1.70332E+12,3120.051919,136413080,ok,43604,43478,43985.5,43686.5,2023/12/23 8:00
1.7034E+12,5355.336209,231362470,ok,43687,42565.5,43909.5,43248,2023/12/24 8:00
1.70349E+12,7428.703782,321601830,ok,43248.5,42577.5,43843,42794,2023/12/25 8:00
1.70358E+12,8936.066701,377860280,ok,42795.5,41629,42842.5,42480,2023/12/26 8:00
1.70366E+12,10631.48035,459073260,ok,42480.5,42428,43854.5,43105.5,2023/12/27 8:00
1.70375E+12,15167.9083,645778850,ok,43105.5,42159.5,43238.5,42343.5,2023/12/28 8:00
1.70384E+12,14935.40616,632285860,ok,42343.5,41241,43159,41995,2023/12/29 8:00
1.70392E+12,7581.056641,319878170,ok,41994.5,41559.5,42686.5,42556.5,2023/12/30 8:00
1.70401E+12,5462.148865,232249650,ok,42557.5,42071,42911.5,42520,2023/12/31 8:00
1.7041E+12,15014.14828,667323150,ok,42519.5,42477.5,45742,45537,2024/1/1 8:00
1.70418E+12,14508.44504,657658550,ok,45538,44664.5,45970,45060,2024/1/2 8:00
1.70427E+12,33649.41025,1440629670,ok,45061,40156,45549.5,42806.5,2024/1/3 8:00
1.70436E+12,21528.16211,942134360,ok,42807,42150,44822.5,43847,2024/1/4 8:00
1.70444E+12,14691.38054,643717220,ok,43847.5,43121,44430,43701,2024/1/5 8:00
1.70453E+12,3630.006268,159454290,ok,43701,43572,44289.5,44107,2024/1/6 8:00
1.70461E+12,8586.422692,377301990,ok,44107,43209,44510,43998,2024/1/7 8:00
1.7047E+12,23084.18089,1059473740,ok,43998,43667,47348,46885.5,2024/1/8 8:00
1.70479E+12,24519.58534,1138621370,ok,46885,44700,48050,45781,2024/1/9 8:00
1.70487E+12,40905.38694,1875511120,ok,45781,44320.5,47738,46128,2024/1/10 8:00
1.70496E+12,30692.1136,1440740840,ok,46131.5,45598.5,49070,46045,2024/1/11 8:00
1.70505E+12,30272.66849,1332553610,ok,46046.5,41405,46265.5,43076,2024/1/12 8:00
1.70513E+12,6514.5186,279116420,ok,43076.5,42503,43245,42997.5,2024/1/13 8:00
1.70522E+12,6711.761654,285167090,ok,43001,41693.5,43065,42698,2024/1/14 8:00
1.70531E+12,6867.089945,293167430,ok,42698,42151,43356,42750,2024/1/15 8:00
1.70539E+12,8477.539525,363900570,ok,42753,42041,43584.5,42640.5,2024/1/16 8:00
1.70548E+12,7156.624684,305117290,ok,42637,42180,42936,42885.5,2024/1/17 8:00
1.70556E+12,15603.04627,647747610,ok,42885.5,40611,42892.5,41231,2024/1/18 8:00
1.70565E+12,9151.072265,377191190,ok,41231,40258,42165,41637.5,2024/1/19 8:00
1.70574E+12,1979.350328,82377290,ok,41637,41450,41838,41629.5,2024/1/20 8:00
1.70582E+12,3613.292625,149471790,ok,41630,40658,41868,40992,2024/1/21 8:00
1.70591E+12,12986.92801,522000460,ok,41000.5,39377,41208,39747.5,2024/1/22 8:00
1.706E+12,15736.19946,617294900,ok,39747,38521.5,40240,39950.5,2024/1/23 8:00
1.70608E+12,7755.629067,309963060,ok,39957,39480.5,40541,40124,2024/1/24 8:00
1.70617E+12,9088.036507,363190840,ok,40124,39541.5,40295,39983.5,2024/1/25 8:00
1.70626E+12,12080.61801,498978870,ok,39984,39976,42246,41727,2024/1/26 8:00
1.70634E+12,4807.433534,202867730,ok,41726.5,41404,42843.5,42408.5,2024/1/27 8:00
1.70643E+12,6701.920096,282853040,ok,42409,41614,42716,42055,2024/1/28 8:00
1.70652E+12,9644.348993,413841760,ok,42055,41814.5,43796,43381.5,2024/1/29 8:00
1.7066E+12,10422.92634,451582710,ok,43382,42654,43872,43041,2024/1/30 8:00
1.70669E+12,12935.48874,552968400,ok,43045,41846.5,43750,42149.5,2024/1/31 8:00
1.70677E+12,9020.090312,386113450,ok,42150,41917.5,43429.5,43082,2024/2/1 8:00
1.70686E+12,7106.95053,305760250,ok,43082,42545.5,43470.5,43055,2024/2/2 8:00
1.70695E+12,2175.121147,93566740,ok,43055,42725.5,43264.5,42831,2024/2/3 8:00
1.70703E+12,4168.212085,178027970,ok,42827,42195,43145,43051,2024/2/4 8:00
1.70712E+12,7274.69471,311802860,ok,43053.5,42280.5,43547.5,42849,2024/2/5 8:00
1.70721E+12,5112.079907,219893210,ok,42849,42637,43371.5,42882,2024/2/6 8:00
1.70729E+12,10070.12173,441719850,ok,42882.5,42823,44799.5,44529,2024/2/7 8:00
1.70738E+12,18079.3962,822392190,ok,44529,44529,46456.5,46236,2024/2/8 8:00
1.70747E+12,15034.15232,710262510,ok,46235.5,46235.5,48215.5,47191,2024/2/9 8:00
1.70755E+12,6346.992032,303727750,ok,47191.5,46905.5,48632.5,48247.5,2024/2/10 8:00
1.70764E+12,5714.369139,275719380,ok,48248,47800.5,48861.5,48227,2024/2/11 8:00
1.70772E+12,14769.8612,731019870,ok,48227.5,47735,50437.5,50043.5,2024/2/12 8:00
1.70781E+12,11705.21274,577356390,ok,50044.5,48337,50281,49881.5,2024/2/13 8:00
1.7079E+12,18222.54441,939490650,ok,49886.5,49790,52580.5,51850.5,2024/2/14 8:00
1.70798E+12,14842.92806,773564420,ok,51850,51371,52861.5,51810.5,2024/2/15 8:00
1.70807E+12,7731.172826,402363260,ok,51810,51642.5,52642,51947.5,2024/2/16 8:00
1.70816E+12,6641.870681,341275830,ok,51947.5,50670.5,52055.5,51691.5,2024/2/17 8:00
1.70824E+12,4648.638154,242140210,ok,51695.5,51588.5,52544.5,52430,2024/2/18 8:00
1.70833E+12,6062.518812,315088260,ok,52430.5,51328.5,52492.5,51862,2024/2/19 8:00
1.70842E+12,14014.50898,728099890,ok,51862.5,50784,53103.5,51565.5,2024/2/20 8:00
1.7085E+12,13378.88579,685807650,ok,51565,50561,52000,51844,2024/2/21 8:00
1.70859E+12,12122.25008,622688690,ok,51843.5,50855.5,52100,50885.5,2024/2/22 8:00
1.70868E+12,7290.433803,371463710,ok,50885.5,50455.5,51316,51068.5,2024/2/23 8:00
1.70876E+12,3540.105327,182311580,ok,51068.5,50971.5,51891,51762.5,2024/2/24 8:00
1.70885E+12,4184.626573,215906650,ok,51762,51291,51997.5,51293.5,2024/2/25 8:00
1.70893E+12,25025.5293,1364323670,ok,51293.5,50914,57470.5,56130,2024/2/26 8:00
1.70902E+12,14477.3029,825788960,ok,56126,56120,58465,58349,2024/2/27 8:00
1.70911E+12,43860.67365,2679067000,ok,58349,58254.5,64340,62738,2024/2/28 8:00
1.70919E+12,20973.91607,1298717330,ok,62740,60428,63628.5,61465,2024/2/29 8:00
1.70928E+12,11934.41535,741881460,ok,61473.5,61173.5,63215,62120,2024/3/1 8:00
1.70937E+12,4518.813523,279856130,ok,62120,61417.5,62291.5,61665.5,2024/3/2 8:00
1.70945E+12,10368.54278,654622780,ok,61665,61467,64426,64172,2024/3/3 8:00
1.70954E+12,29238.25142,1949731980,ok,64172,64124,68890.5,66329,2024/3/4 8:00
1.70963E+12,47575.87234,3083946000,ok,66307,59228,69393,66749.5,2024/3/5 8:00
1.70971E+12,22661.61718,1507025690,ok,66749,64713.5,68348.5,66454.5,2024/3/6 8:00
1.7098E+12,14409.57943,970484010,ok,66465,66422,68200,67418.5,2024/3/7 8:00
1.70988E+12,19982.90473,1364025120,ok,67418.5,66152,70360,68462,2024/3/8 8:00
1.70997E+12,5365.715109,370087550,ok,68462,68119,69853.5,69537,2024/3/9 8:00
1.71006E+12,13149.67199,913809200,ok,69537,67109.5,71541.5,71218,2024/3/10 8:00
1.71014E+12,18987.06233,1368839510,ok,71218.5,71176.5,72944.5,72189.5,2024/3/11 8:00
1.71023E+12,17048.0187,1217815390,ok,72213,68518,73426,72941,2024/3/12 8:00
1.71032E+12,9240.32321,675160860,ok,72941,71704,73895,73325.5,2024/3/13 8:00
1.7104E+12,30629.43685,2136687930,ok,73325,66680.5,73607.5,68388.5,2024/3/14 8:00
1.71049E+12,18520.6234,1263317030,ok,68388.5,65571,70627,69434.5,2024/3/15 8:00
1.71058E+12,13672.29832,910507830,ok,69437.5,64578.5,69437.5,65620.5,2024/3/16 8:00
1.71066E+12,8772.105065,592724470,ok,65623.5,65288,68971,68188,2024/3/17 8:00
1.71075E+12,15156.25623,1005926880,ok,68188.5,63561.5,68582.5,64683.5,2024/3/18 8:00
1.71084E+12,22401.58318,1412847780,ok,64683.5,60741.5,65771,62938,2024/3/19 8:00
1.71092E+12,18609.57057,1222343640,ok,62917.5,62053,68272,67030,2024/3/20 8:00
1.71101E+12,14784.47575,977798900,ok,67026.5,64516.5,67748,66193,2024/3/21 8:00
1.71109E+12,14240.5708,909559310,ok,66196,62282,66371,64594.5,2024/3/22 8:00
1.71118E+12,5781.73647,374663970,ok,64595,63825.5,66025.5,64627.5,2024/3/23 8:00
1.71127E+12,9788.128266,650221720,ok,64627,64522.5,67751,66868.5,2024/3/24 8:00
1.71135E+12,15282.25323,1065926120,ok,66868,66765,71611,70538.5,2024/3/25 8:00
1.71144E+12,9852.701405,692631500,ok,70549,69326.5,71337,69761,2024/3/26 8:00
1.71153E+12,12239.61347,853578550,ok,69772.5,68386.5,71929.5,70412.5,2024/3/27 8:00
1.71161E+12,12283.80232,867181880,ok,70415.5,69783.5,71617,69788.5,2024/3/28 8:00
1.7117E+12,8404.568375,587058150,ok,69789,69084.5,70688,69950.5,2024/3/29 8:00
1.71179E+12,3076.736342,215674530,ok,69950,69618,70541.5,70369,2024/3/30 8:00
1.71187E+12,6494.406904,457722590,ok,70373,68899.5,71488,69645.5,2024/3/31 8:00
1.71196E+12,13235.79565,902182680,ok,69645.5,65815,70150.5,66487.5,2024/4/1 8:00
1.71204E+12,12782.90755,838913690,ok,66488,64468,66734,66179.5,2024/4/2 8:00
1.71213E+12,7235.758124,477430000,ok,66188,65070.5,66964,66069,2024/4/3 8:00
1.71222E+12,11751.12108,795229930,ok,66069,66007,69350,66900,2024/4/4 8:00
1.7123E+12,7220.665441,487113290,ok,66899.5,65942,68615.5,68027,2024/4/5 8:00
1.71239E+12,4089.318354,281741370,ok,68027,67588,69825,69392.5,2024/4/6 8:00
1.71248E+12,5599.89484,390587570,ok,69393,68900,70972,70734,2024/4/7 8:00
1.71256E+12,12376.55184,887246970,ok,70743.5,70133,72806,70361.5,2024/4/8 8:00
1.71265E+12,9833.732261,682425980,ok,70361.5,68179.5,70941.5,69322,2024/4/9 8:00
1.71274E+12,13324.24,922746180,ok,69322.5,67435.5,71302.5,70735,2024/4/10 8:00
1.71282E+12,8208.564664,577684210,ok,70736,69533.5,71274.5,70779,2024/4/11 8:00
1.71291E+12,14613.41072,990187940,ok,70778.5,64964,70956.5,67426.5,2024/4/12 8:00
1.713E+12,24284.16598,1546729490,ok,67426.5,60011,67931,64487,2024/4/13 8:00
1.71308E+12,12818.47274,830044050,ok,64487,62600,66645,66295,2024/4/14 8:00
1.71317E+12,14407.31183,922258360,ok,66295.5,61612.5,66921,63515,2024/4/15 8:00
1.71325E+12,11039.43079,695424330,ok,63515.5,61616.5,64510,63300.5,2024/4/16 8:00
1.71334E+12,15908.42288,976363600,ok,63307.5,59660,63594,61173.5,2024/4/17 8:00
1.71343E+12,21637.31955,1356882460,ok,61173.5,59520,65217.5,64547,2024/4/18 8:00
1.71351E+12,11004.41826,708543910,ok,64547.5,62941.5,65511,63981,2024/4/19 8:00
1.7136E+12,4760.2918,308062920,ok,63981,63288,65700,65148.5,2024/4/20 8:00
1.71369E+12,5658.571654,369293440,ok,65160,64244.5,66541,66026,2024/4/21 8:00
1.71377E+12,6043.751735,401201640,ok,66025.5,65654,67268,66105.5,2024/4/22 8:00
1.71386E+12,5289.859845,351657730,ok,66105.5,65827,67157,66622,2024/4/23 8:00
1.71395E+12,9451.591577,612564190,ok,66622,63550,66751.5,63970.5,2024/4/24 8:00
1.71403E+12,11995.63301,768692800,ok,63970.5,62743,65275,64302,2024/4/25 8:00
1.71412E+12,8340.201517,531814200,ok,64301.5,62380,64791,62928.5,2024/4/26 8:00
1.7142E+12,3236.070014,205247140,ok,62928.5,62652.5,64339,63883.5,2024/4/27 8:00
1.71429E+12,4443.964531,279560100,ok,63884,61903,63955,62389,2024/4/28 8:00
1.71438E+12,6989.932387,441663070,ok,62389.5,61777,64882.5,63133,2024/4/29 8:00
1.71446E+12,17558.14454,1055626330,ok,63134.5,57022,63222.5,57430,2024/4/30 8:00
1.71455E+12,16150.50419,928074220,ok,57430.5,56482.5,59422,57604,2024/5/1 8:00
1.71464E+12,12298.47855,725478740,ok,57611,57520.5,60000,59144.5,2024/5/2 8:00
1.71472E+12,16917.8066,1040904500,ok,59144.5,58842,63666,63010,2024/5/3 8:00
1.71481E+12,5513.60204,351394500,ok,63010.5,62936.5,64570,63776,2024/5/4 8:00
1.7149E+12,4112.078174,263772620,ok,63776.5,63591.5,64691.5,64590,2024/5/5 8:00
1.71498E+12,8221.193038,525012120,ok,64590.5,62702.5,65549.5,63694,2024/5/6 8:00
1.71507E+12,6554.367521,414434930,ok,63695,62062.5,64421.5,62199,2024/5/7 8:00
1.71516E+12,5665.89198,350352950,ok,62206,60870,62832.5,61233,2024/5/8 8:00
1.71524E+12,7769.028865,483200270,ok,61233,60620,63443.5,63064,2024/5/9 8:00
1.71533E+12,8253.851183,506141150,ok,63064,60188.5,63473,60988,2024/5/10 8:00
1.71541E+12,1885.477886,114898280,ok,60987.5,60440.5,61492,60803.5,2024/5/11 8:00
1.7155E+12,3898.681055,239295640,ok,60803.5,60741.5,62443.5,62336.5,2024/5/12 8:00
1.71559E+12,8057.056983,504698110,ok,62336.5,61388.5,63473,62009.5,2024/5/13 8:00
1.71567E+12,6370.044434,392811840,ok,62009,61104,62330,62207,2024/5/14 8:00
1.71576E+12,14515.16736,940098740,ok,62207,61942,66703,66186,2024/5/15 8:00
1.71585E+12,9155.911354,602309110,ok,66186,64620.5,66798,66431,2024/5/16 8:00
1.71593E+12,8261.808357,550596190,ok,66431,65749.5,67499,66926.5,2024/5/17 8:00
1.71602E+12,2321.210712,155628560,ok,66926,66620.5,67399,67342,2024/5/18 8:00
1.71611E+12,4734.976635,316122390,ok,67342,65888,67741.5,66840,2024/5/19 8:00
1.71619E+12,16862.86441,1172631810,ok,66839.5,66783,72041,70924,2024/5/20 8:00
1.71628E+12,8771.51969,616709870,ok,70923.5,69171,71465.5,69732,2024/5/21 8:00
1.71636E+12,7541.475898,525876400,ok,69732.5,68813.5,70675,69712.5,2024/5/22 8:00
1.71645E+12,14477.46864,982884340,ok,69712,66224.5,70089.5,67140,2024/5/23 8:00
1.71654E+12,6664.513057,453373510,ok,67139.5,66600.5,69250,68736.5,2024/5/24 8:00
1.71662E+12,2215.551507,153297580,ok,68736.5,68736.5,69675,69365,2024/5/25 8:00
1.71671E+12,3430.371792,236103160,ok,69365,68154.5,69564,68650.5,2024/5/26 8:00
1.7168E+12,9154.472069,632007930,ok,68650.5,67423,70666,67628.5,2024/5/27 8:00
1.71688E+12,7005.341448,477358410,ok,67628.5,67174,68875.5,67907,2024/5/28 8:00
1.71697E+12,6812.913153,461007210,ok,67909.5,67084,68389.5,67566.5,2024/5/29 8:00
1.71706E+12,8410.726288,575692870,ok,67563.5,67103,69562.5,68113,2024/5/30 8:00
1.71714E+12,7710.502558,523021580,ok,68113,66598,69038,67594,2024/5/31 8:00
1.71723E+12,999.0558851,67640690,ok,67594,67522.5,67874.5,67693.5,2024/6/1 8:00
1.71732E+12,4112.349559,280705230,ok,67693.5,67137,69213,68904,2024/6/2 8:00
1.7174E+12,6122.181721,424156690,ok,68904,68491,70311,69002,2024/6/3 8:00
1.71749E+12,8722.946347,614466770,ok,69002,68559.5,71400,71225,2024/6/4 8:00
1.71757E+12,5216.663585,371054130,ok,71225.5,70401,71818.5,71051,2024/6/5 8:00
1.71766E+12,5652.021893,401610710,ok,71051,70111,71666.5,71090.5,2024/6/6 8:00
1.71775E+12,11019.30957,775668350,ok,71090.5,68309.5,72014.5,69543.5,2024/6/7 8:00
1.71783E+12,992.0299255,68809860,ok,69549,69111,69549.5,69285,2024/6/8 8:00
1.71792E+12,1571.819101,109321220,ok,69284.5,69224.5,69870.5,69281.5,2024/6/9 8:00
1.71801E+12,7097.893015,487679260,ok,69290.5,67235.5,70189.5,67519.5,2024/6/10 8:00
1.71809E+12,8254.863597,552705340,ok,67520,66028.5,67620,67454.5,2024/6/11 8:00
1.71818E+12,12432.91835,852795020,ok,67455,66941,70111,67694.5,2024/6/12 8:00
1.71827E+12,7088.32755,475843440,ok,67694.5,66228,68496.5,66887,2024/6/13 8:00
1.71835E+12,6776.613491,447938100,ok,66887,65000,67341.5,66012,2024/6/14 8:00
1.71844E+12,919.4198484,60816460,ok,66012.5,65812.5,66453.5,66203.5,2024/6/15 8:00
1.71852E+12,2281.053701,151551190,ok,66204,65887.5,66928,66146,2024/6/16 8:00
1.71861E+12,9192.688527,604217580,ok,66145.5,64500,67285,65651,2024/6/17 8:00
1.7187E+12,8033.720609,521737650,ok,65650.5,64010,65740.5,65317,2024/6/18 8:00
1.71878E+12,3720.016163,242659170,ok,65317,64640.5,65999.5,65861,2024/6/19 8:00
1.71887E+12,5606.186874,364700910,ok,65861,64146.5,66492.5,64151.5,2024/6/20 8:00
1.71896E+12,4898.352134,313030200,ok,64147,63340.5,64483,64464,2024/6/21 8:00
1.71904E+12,851.9209994,54809120,ok,64464,64179.5,64494,64391.5,2024/6/22 8:00
1.71913E+12,4426.275422,279127960,ok,64391.5,62109.5,64419,62410.5,2024/6/23 8:00
1.71922E+12,16403.04241,995461120,ok,62410.5,58386.5,62936.5,60653.5,2024/6/24 8:00
1.7193E+12,7327.824564,451552790,ok,60653,60619,62499,61739,2024/6/25 8:00
1.71939E+12,4551.248819,278405760,ok,61739.5,60587,61971,60755,2024/6/26 8:00
1.71948E+12,7457.608706,459134900,ok,60755,60692.5,62358,61265,2024/6/27 8:00
1.71956E+12,8582.443792,522508860,ok,61265.5,59885.5,61825,60990,2024/6/28 8:00
1.71965E+12,2255.341226,137807270,ok,60990,60641,61679.5,61434.5,2024/6/29 8:00
1.71973E+12,6005.733851,376122950,ok,61434.5,61245.5,63759,63222.5,2024/6/30 8:00
1.71982E+12,5057.458203,318952620,ok,63223,62460.5,63813,62568,2024/7/1 8:00
1.71991E+12,6275.844675,387723470,ok,62568,60500,63086,60786.5,2024/7/2 8:00
1.71999E+12,11635.06973,694247790,ok,60780,57756,60884.5,58175.5,2024/7/3 8:00
1.72008E+12,18814.74223,1056507140,ok,58175,53335,58765.5,54350,2024/7/4 8:00
1.72017E+12,10538.66938,586476310,ok,54349.5,53849,57090,56620.5,2024/7/5 8:00
1.72025E+12,5042.722225,290543630,ok,56619.5,56459.5,58476,57375.5,2024/7/6 8:00
1.72034E+12,7111.366034,398109010,ok,57375.5,54271,57941.5,55862.5,2024/7/7 8:00
1.72043E+12,11759.61197,666768670,ok,55862.5,54930,58216.5,57100,2024/7/8 8:00
1.72051E+12,8248.016086,479071570,ok,57100,56916,59469,59020.5,2024/7/9 8:00
1.7206E+12,5574.737568,322958100,ok,59020.5,57061,59079.5,58197,2024/7/10 8:00
1.72068E+12,9977.035276,577350560,ok,58197,56537.5,59710,57151.5,2024/7/11 8:00
1.72077E+12,6072.757225,350357970,ok,57151,56789,58575,58197,2024/7/12 8:00
1.72086E+12,6702.932829,397849940,ok,58196.5,57950.5,60402.5,60109.5,2024/7/13 8:00
1.72094E+12,10678.0956,657328730,ok,60110,59523.5,63123,62885.5,2024/7/14 8:00
1.72103E+12,11866.87616,756040120,ok,62886,62329.5,65055.5,62980.5,2024/7/15 8:00
1.72112E+12,12783.5947,827362910,ok,62971,62432,66175,65303,2024/7/16 8:00
1.7212E+12,7127.644581,461270310,ok,65303,63861.5,65538.5,64681,2024/7/17 8:00
1.72129E+12,8261.778236,528574520,ok,64681,63228,65135.5,63747,2024/7/18 8:00
1.72138E+12,10482.7582,690595160,ok,63746.5,63423.5,67467.5,66645,2024/7/19 8:00
1.72146E+12,3286.60049,220414740,ok,66636,66346,67764,66748.5,2024/7/20 8:00
1.72155E+12,7247.014947,488861400,ok,66749.5,65855,68535,67276.5,2024/7/21 8:00
1.72164E+12,6925.241008,466375540,ok,67276.5,66262,68321,66610,2024/7/22 8:00
1.72172E+12,7328.669103,485868350,ok,66610,65454,67405.5,66072.5,2024/7/23 8:00
1.72181E+12,8092.324874,529558190,ok,66072.5,63735.5,67135,64117.5,2024/7/24 8:00
1.72189E+12,12317.56955,806760820,ok,64117.5,63414,67503,66960,2024/7/25 8:00
1.72198E+12,7230.849736,488527900,ok,66960,66914,68342,68090,2024/7/26 8:00
1.72207E+12,12635.58658,860122580,ok,68090,66634.5,69483,67537.5,2024/7/27 8:00
1.72215E+12,6131.461668,421630270,ok,67537.5,67222,69960,69555.5,2024/7/28 8:00
1.72224E+12,13228.64067,895065360,ok,69556,65836,70067.5,66943,2024/7/29 8:00
1.72233E+12,6839.470964,452438570,ok,66942.5,65275,66995,66187,2024/7/30 8:00
1.72241E+12,11703.63732,762345620,ok,66187,63525,66845.5,64309,2024/7/31 8:00
1.7225E+12,14739.97329,942337660,ok,64295.5,62250,65615.5,64096,2024/8/1 8:00
1.72259E+12,15104.99367,949384760,ok,64096,60424.5,65492.5,61613,2024/8/2 8:00
1.72267E+12,6037.752068,367060450,ok,61612.5,59810.5,62157,60331,2024/8/3 8:00
1.72276E+12,34307.36069,1871437180,ok,60330.5,48877,61061.5,52668,2024/8/4 8:00
1.72284E+12,32402.22965,1719744780,ok,52671.5,49524,56259.5,56034,2024/8/5 8:00
1.72293E+12,12933.8113,726429080,ok,56034,54301,57302.5,56949,2024/8/6 8:00
1.72302E+12,13832.13176,778505850,ok,56960.5,54563.5,57771.5,57216,2024/8/7 8:00
1.7231E+12,16092.219,962477070,ok,57224,56699,62765,60862.5,2024/8/8 8:00
1.72319E+12,17145.50145,1034972610,ok,60862.5,59511,61539,60890.5,2024/8/9 8:00
1.72328E+12,2250.688488,137110680,ok,60890.5,60441.5,61419.5,61300,2024/8/10 8:00
1.72336E+12,6904.281826,408739060,ok,61300.5,57650,61908.5,58674,2024/8/11 8:00
1.72345E+12,13795.34251,816969090,ok,58670.5,57792,60755,59256.5,2024/8/12 8:00
1.72354E+12,6756.059447,407966050,ok,59256.5,58414,61600,60943.5,2024/8/13 8:00
1.72362E+12,10526.16531,626745250,ok,60943.5,57708,61819,58062.5,2024/8/14 8:00
1.72371E+12,11661.05215,677214510,ok,58062,56109,59860.5,58485.5,2024/8/15 8:00
1.7238E+12,5639.744028,331188970,ok,58485,57542,59842,59260,2024/8/16 8:00
1.72388E+12,1767.202496,105253920,ok,59260,59093.5,60285,59597.5,2024/8/17 8:00
1.72397E+12,3886.589507,229886240,ok,59597,58223.5,60299.5,58507,2024/8/18 8:00
1.72405E+12,9478.76003,565543240,ok,58507,57813,61448,60964,2024/8/19 8:00
1.72414E+12,7527.793364,449877120,ok,60970,58565,61019,59734,2024/8/20 8:00
1.72423E+12,9101.881187,549948540,ok,59734,58868,61867,61009.5,2024/8/21 8:00
1.72431E+12,5267.553427,319996750,ok,61009,60112,61423,61060.5,2024/8/22 8:00
1.7244E+12,12615.13193,792506360,ok,61060.5,60691.5,65010,64370,2024/8/23 8:00
1.72449E+12,3357.075273,215449360,ok,64370,63588,64753,63891,2024/8/24 8:00
1.72457E+12,3574.672283,229319550,ok,63891,63601,65071,63632.5,2024/8/25 8:00
1.72466E+12,4906.908242,311068430,ok,63632.5,62675.5,64069.5,62933,2024/8/26 8:00
1.72475E+12,11699.89753,707208870,ok,62933,58005.5,63033.5,58601.5,2024/8/27 8:00
1.72483E+12,7421.082297,439142040,ok,58601.5,57817.5,60223.5,59591,2024/8/28 8:00
1.72492E+12,8747.831668,523137310,ok,59590.5,58577,61182.5,59300,2024/8/29 8:00
1.725E+12,6943.912368,409509270,ok,59300.5,57700,59950,59081.5,2024/8/30 8:00
1.72509E+12,1601.604558,93828860,ok,59081.5,57760,59230,58466,2024/8/31 8:00
1.72518E+12,4076.075766,235579870,ok,58465.5,57125,58776,57534.5,2024/9/1 8:00
1.72526E+12,4067.524393,239065740,ok,57534.5,57534,59848.5,59113,2024/9/2 8:00
1.72535E+12,7716.188924,442450410,ok,59113,55555,59362.5,56717.5,2024/9/3 8:00
1.72544E+12,6404.360106,367437720,ok,56717.5,56153,58540.5,57159,2024/9/4 8:00
1.72552E+12,7118.969746,400768220,ok,57159,55253.5,57312.5,55758,2024/9/5 8:00
1.72561E+12,12168.50284,665108320,ok,55758,52516.5,56994,54290,2024/9/6 8:00
1.7257E+12,2358.111334,128211620,ok,54289.5,53829,54847.5,54425,2024/9/7 8:00
1.72578E+12,4535.727906,247721850,ok,54425,53621.5,55392,54963,2024/9/8 8:00
1.72587E+12,8318.16261,469528350,ok,54963.5,54808,58192,57236,2024/9/9 8:00
1.72596E+12,6421.908616,366857450,ok,57236,56073,58098,56696.5,2024/9/10 8:00
1.72604E+12,8518.018837,486090620,ok,56696.5,55550,58588,58144,2024/9/11 8:00
1.72613E+12,4834.604244,280485340,ok,58144,57346.5,58577,58099.5,2024/9/12 8:00
1.72621E+12,6457.957901,383160330,ok,58100,57631,60651.5,60195,2024/9/13 8:00
1.7263E+12,1898.481979,113830930,ok,60194.5,59412.5,60287,60205.5,2024/9/14 8:00
1.72639E+12,4389.61983,260099040,ok,60206,58119,60415,58889,2024/9/15 8:00
1.72647E+12,3987.498346,231860370,ok,58888.5,57499.5,59170,58697.5,2024/9/16 8:00
1.72656E+12,7810.424539,470820570,ok,58697.5,58650,61355.5,60453,2024/9/17 8:00
1.72665E+12,11244.07665,684816360,ok,60453,59186,62631,62114.5,2024/9/18 8:00
1.72673E+12,9853.807458,623165490,ok,62134.5,61917.5,64150,63531.5,2024/9/19 8:00
1.72682E+12,6063.853235,382706850,ok,63532,62345,63725,63113,2024/9/20 8:00
1.72691E+12,1581.150235,99863110,ok,63112,62852,63596,62936.5,2024/9/21 8:00
1.72699E+12,5246.084611,333458790,ok,62936.5,62359,64764.5,63552.5,2024/9/22 8:00
1.72708E+12,4437.665154,280889930,ok,63552.5,62710.5,63837.5,63569,2024/9/23 8:00
1.72716E+12,6756.90818,431518560,ok,63568.5,62719.5,64843.5,63860,2024/9/24 8:00
1.72725E+12,4074.309711,258323350,ok,63860,62650.5,64014.5,63858,2024/9/25 8:00
1.72734E+12,11388.43038,740146170,ok,63858,63616,65870,65484.5,2024/9/26 8:00
1.72742E+12,7619.182952,502003710,ok,65483.5,65346.5,66636.5,65875,2024/9/27 8:00
1.72751E+12,1751.342816,115049250,ok,65874.5,65447,66005,65490.5,2024/9/28 8:00
1.7276E+12,3907.158507,254446010,ok,65490.5,64193.5,66105,64579.5,2024/9/29 8:00
1.72768E+12,6537.626075,416393430,ok,64579,62851.5,64587,64031,2024/9/30 8:00
1.72777E+12,12439.35249,771843540,ok,64031,60150,64102.5,61721.5,2024/10/1 8:00
1.72786E+12,8287.820221,506812200,ok,61715,59987.5,62414,60910,2024/10/2 8:00
1.72794E+12,7096.82456,430562240,ok,60910,59851,61494,61423.5,2024/10/3 8:00
1.72803E+12,5648.845688,348931260,ok,61423,60729.5,62491.5,62100.5,2024/10/4 8:00
1.72812E+12,1512.853641,93866810,ok,62100.5,61729,62391.5,61964.5,2024/10/5 8:00
1.7282E+12,4075.263379,257359850,ok,61965,61939.5,63979,63555.5,2024/10/6 8:00
1.72829E+12,7148.369517,451113130,ok,63555,62006,64476,62300,2024/10/7 8:00
1.72837E+12,4461.644997,278274100,ok,62299.5,61831.5,63210.5,62259,2024/10/8 8:00
1.72846E+12,6244.110027,382745040,ok,62259.5,60247,62383,60844.5,2024/10/9 8:00
1.72855E+12,8385.149838,505081320,ok,60844,58863,61288.5,60618.5,2024/10/10 8:00
1.72863E+12,5984.576889,371781470,ok,60617.5,60607.5,63434.5,62770.5,2024/10/11 8:00
1.72872E+12,1955.385766,123258380,ok,62770.5,62688,63486,62843.5,2024/10/12 8:00
1.72881E+12,4542.245634,288631530,ok,62843,62059.5,64666,64605.5,2024/10/13 8:00
1.72889E+12,8456.242783,554674600,ok,64605.5,64341,66539,65646.5,2024/10/14 8:00
1.72898E+12,10733.20122,713738500,ok,65646.5,64683,67960.5,66972.5,2024/10/15 8:00
1.72907E+12,6217.178123,420788590,ok,66972,66922,68444.5,67285.5,2024/10/16 8:00
1.72915E+12,7109.975476,479693600,ok,67285.5,66640.5,68360,67978.5,2024/10/17 8:00
1.72924E+12,4842.092528,330994870,ok,67978.5,67649,69030,68349,2024/10/18 8:00
1.72932E+12,1303.806974,89009250,ok,68349,68013,68465.5,68386.5,2024/10/19 8:00
1.72941E+12,3761.040148,259035310,ok,68387,68237,69549,68508.5,2024/10/20 8:00
1.7295E+12,7073.388432,477565450,ok,68508.5,66573,68653.5,67378,2024/10/21 8:00
1.72958E+12,5291.481038,355610270,ok,67378,66625,67845.5,66829,2024/10/22 8:00
1.72967E+12,7177.519305,476732170,ok,66828.5,65200,67567,67078,2024/10/23 8:00
1.72976E+12,8158.36697,552956140,ok,67077.5,66647.5,68841.5,67480.5,2024/10/24 8:00
1.72984E+12,10227.61916,686817510,ok,67480,65524.5,68748,66924,2024/10/25 8:00
1.72993E+12,1638.322451,109806940,ok,66924.5,66661,67446.5,67130.5,2024/10/26 8:00
1.73002E+12,3297.498176,223997090,ok,67130.5,66962,68616,68372,2024/10/27 8:00
1.7301E+12,9470.632071,661226520,ok,68372,68188.5,71555,70983.5,2024/10/28 8:00
1.73019E+12,9431.809754,681508480,ok,70988,70904,73654,72224.5,2024/10/29 8:00
1.73028E+12,6688.000566,482936310,ok,72225,71414,72950.5,72416.5,2024/10/30 8:00
1.73036E+12,11784.92745,827558610,ok,72416.5,68750,72686.5,69171,2024/10/31 8:00
1.73045E+12,8961.145994,626925550,ok,69171,68762,71619,69774.5,2024/11/1 8:00
1.73053E+12,3940.14378,271041210,ok,69774.5,67798,69792.5,68341,2024/11/2 8:00
1.73062E+12,6010.676111,411758670,ok,68341,67419,69477.5,68566.5,2024/11/3 8:00
1.73071E+12,9210.541177,626296840,ok,68566,66670,69197.5,68877,2024/11/4 8:00
1.73079E+12,22930.25431,1655385810,ok,68877,68611.5,75480,73432.5,2024/11/5 8:00
1.73088E+12,14154.1108,1056459240,ok,73433,72738,76508.5,74839.5,2024/11/6 8:00
1.73097E+12,11829.25348,898659370,ok,74839.5,74576,76950,76395,2024/11/7 8:00
1.73105E+12,8945.411013,682773820,ok,76395,75680,77316,76602,2024/11/8 8:00
1.73114E+12,8955.78085,700622980,ok,76602.5,75800,79880,78898,2024/11/9 8:00
